id,firstName,lastName,email,createdAt,updatedAt
a660db6d-c77e-4b2c-95ca-8ee8610316da,Bel,Mayfield,bmayfield0@dedecms.com,1/14/2013,11/21/2015
aa4f5976-b210-4873-91b2-f58f8102ae70,Eugen,Kirsz,ekirsz1@hp.com,9/25/2022,5/14/2017
8799bc6b-b1d7-4771-9819-acfab8398672,Randall,Goodlad,rgoodlad2@zdnet.com,12/17/2013,3/29/2007
88c3875c-be38-4866-9f8f-89fa36f69557,Clare,Janeczek,cjaneczek3@thetimes.co.uk,12/3/2022,2/20/2021
74cc69c5-b700-40ab-a2ae-07a3548dcac9,Kurtis,Eccott,keccott4@ustream.tv,11/28/2006,4/17/2023
3626f7be-76bf-4eb8-b9d7-1fc69db63c80,Erin,Rushmer,erushmer5@goodreads.com,10/11/2006,3/31/2001
5124fc4a-99ed-45a0-ab21-7ec6578c4d23,Sheila-kathryn,Sayse,ssayse6@infoseek.co.jp,7/2/2023,9/30/2000
61f589f3-517c-471f-b34c-6cd6bc91e0db,Davidson,Moult,dmoult7@usatoday.com,12/27/2012,4/1/2019
2a5bf7a3-7d52-4c4a-b3a9-4803010fddbd,Janot,Farington,jfarington8@comcast.net,12/11/2015,12/4/2016
59843d2d-40c7-4c52-8ddf-65324b0cfbb3,Daryl,Weedon,dweedon9@nymag.com,6/19/2002,11/10/2024
ccd7281c-dae2-41d7-9b06-a3f8f5ef3714,Zondra,Tollmache,ztollmachea@chicagotribune.com,12/20/2006,7/10/2019
2f74f6d6-0d85-4702-afe2-a24730854427,Sidnee,Bradmore,sbradmoreb@eepurl.com,7/31/2007,9/3/2020
78148544-0413-4b4b-9fc1-95fce0aa6525,Gail,Aikin,gaikinc@sakura.ne.jp,8/31/2010,8/10/2013
7daf7114-702b-4efa-898d-1d2432a03e14,Chicky,Speek,cspeekd@skyrock.com,7/19/2010,9/15/2015
e98630c4-7fba-47cb-a54f-922238af0c5c,Clarance,Seamans,cseamanse@reddit.com,7/14/2001,5/1/2003
5508662d-05b3-421c-98a1-8c89ca903d75,Beth,Stedell,bstedellf@mail.ru,3/11/2003,1/23/2021
6cc10de1-4e0b-49a4-a923-2646de3bbfe1,Jamison,Friskey,jfriskeyg@sitemeter.com,8/12/2017,4/8/2010
08b94d9a-dac4-4b75-8760-c3d1405115a7,Norton,O'Cuddie,nocuddieh@booking.com,6/10/2023,9/2/2010
f1694d2c-b0c9-4938-addb-bd8c0e68be52,Clair,Bedrosian,cbedrosiani@theguardian.com,6/5/2010,10/3/2025
14941ea5-9cd2-477b-b44c-6fb1866e5cb1,Nelson,Saurat,nsauratj@pbs.org,4/10/2024,7/20/2024
386e5ab6-6a6d-4ece-9362-40937d4c61a8,Carmelina,Eveque,cevequek@umich.edu,7/12/2008,3/21/2005
ccf1b143-d33d-4434-a471-1789e7e04c96,Lilia,Muirden,lmuirdenl@samsung.com,1/5/2006,10/19/2015
29dc94bd-1ad0-4f37-90a9-91584db60d82,Tye,Kleinpeltz,tkleinpeltzm@arstechnica.com,8/12/2012,2/27/2020
52d86be3-5de5-4e4e-a94c-eed7e98267ed,Gayle,Fasler,gfaslern@uol.com.br,7/6/2022,10/11/2021
f243f410-195c-4f78-8a9e-a0d83605e52b,Dore,Broadis,dbroadiso@yellowpages.com,6/23/2014,12/6/2022
98038fe7-2792-4b7f-a1ae-e6791c718a04,Ianthe,Enderwick,ienderwickp@google.es,12/26/2004,2/15/2011
e5ce50ba-63bf-46ef-b0c6-93ac310e90c1,Laural,Amis,lamisq@wp.com,3/2/2003,3/9/2015
582d31ca-e61c-4c01-9ca1-32941833c1ae,Rutledge,Newberry,rnewberryr@addthis.com,9/21/2020,5/20/2018
dc2efc8b-8554-45d5-8d1b-ae3c7be507a7,Shepperd,Pitson,spitsons@slideshare.net,1/19/2017,8/30/2023
09b9dbff-b3c7-4a5e-9449-bae9c2ed4c06,Elwood,Mayzes,emayzest@opera.com,7/6/2000,3/23/2003
a59020d0-5b9f-4806-8336-8a0b7b593221,Theodosia,Burbudge,tburbudgeu@t-online.de,2/10/2008,6/20/2001
0c96cca3-bcd6-48e1-a54b-1f8185c6819f,Torre,Mauro,tmaurov@accuweather.com,6/15/2001,10/8/2017
823f2a90-6382-4fdd-9f79-9112f9e4aa86,Madeleine,Sone,msonew@infoseek.co.jp,11/21/2016,12/14/2002
d967ce65-d076-4aa1-ba2b-a3aeeff38d76,Berny,Jobb,bjobbx@newsvine.com,12/9/2007,3/19/2003
a0b82925-6b7e-40ca-bc90-445b92717ef3,Albertina,Drewes,adrewesy@census.gov,9/3/2003,12/13/2009
a90ca04a-9b8b-4987-a41c-207f105dade2,Maressa,Cardall,mcardallz@businessinsider.com,11/13/2005,8/27/2025
35ceac86-cf7c-4875-869c-9a1f9cee638f,Valerie,Jermyn,vjermyn10@barnesandnoble.com,7/4/2013,5/10/2005
e5629088-9721-4c9c-87c3-cba192ca9840,Neda,Jakolevitch,njakolevitch11@google.it,3/16/2014,12/22/2025
7b3c944d-d566-46ec-b4a1-06d74ed69f13,Elfie,Seager,eseager12@cbc.ca,2/15/2006,10/25/2006
f483712a-dcfe-4f0d-9efd-407c3a4f97d4,Shina,Hicken,shicken13@squidoo.com,8/12/2012,5/11/2003
81896823-5f71-4492-9cd5-353f46564cc6,Terri-jo,Kendrick,tkendrick14@t.co,6/4/2018,7/30/2022
8a9e267d-007d-4360-83ea-4167605d0754,Monti,Fintoph,mfintoph15@bigcartel.com,7/3/2025,5/29/2002
e79dfbb3-8f65-4a1f-81dd-125d3563f0f1,Jefferey,Caso,jcaso16@constantcontact.com,7/7/2025,9/6/2008
2793d1bf-89f9-4ec9-b72c-153c9e0de65e,Jana,Januszewski,jjanuszewski17@seesaa.net,12/12/2005,9/15/2006
dbf9bf06-45cd-4d66-8105-86bbd81c10f2,Arleta,Zealander,azealander18@berkeley.edu,2/23/2013,10/18/2025
3d08583b-fec2-4e5f-a216-b84df87ae9cc,Ruben,Cowhig,rcowhig19@jugem.jp,12/6/2000,7/19/2011
33ea1c1f-abf2-4350-91eb-00283b037e07,Gennifer,Pestridge,gpestridge1a@booking.com,4/2/2016,4/26/2008
555bc4a7-e0eb-4bcd-9fed-97ff6a6c9f22,Thorsten,Roiz,troiz1b@weibo.com,7/9/2000,2/28/2011
1ee17b38-0e9a-44a4-b2a5-86ac9c5197a2,Caitlin,Graves,cgraves1c@washingtonpost.com,2/22/2005,4/28/2018
b9c4b104-4ee9-49d6-a407-5a6a674a4739,Yuma,Marnes,ymarnes1d@infoseek.co.jp,2/28/2016,1/27/2024
d174d590-b5ec-4f65-bd9b-6da9d814a4d3,Shayne,Noller,snoller1e@github.io,9/22/2005,5/22/2003
7edd6791-030e-48ac-b25f-9fd797b95188,Elwin,Fabb,efabb1f@apache.org,6/16/2000,11/3/2000
8818ff9f-5c35-457f-92c7-95c0f578420f,Evie,Musslewhite,emusslewhite1g@webnode.com,12/25/2025,8/3/2017
4e2b7278-e2e8-4ccc-9188-b3039d18749e,Wright,Rockcliffe,wrockcliffe1h@t-online.de,9/23/2008,12/14/2006
c8d9ad27-61c4-4b9a-8ca9-a3632f09d5e7,Shalom,Sapauton,ssapauton1i@blog.com,10/13/2020,10/11/2013
364a2c99-1f29-4c75-96a0-5cf09ea1f50c,Maressa,Fewkes,mfewkes1j@meetup.com,3/3/2005,10/27/2022
e54e0049-8fb8-4b3c-bb8f-04a560259c38,Jyoti,Lambersen,jlambersen1k@weibo.com,7/22/2025,9/28/2009
62983138-1521-4772-ae75-b16ac5023ad9,Marta,Brodest,mbrodest1l@dailymotion.com,10/25/2019,11/2/2008
b6cc989a-f3be-44cb-99e2-ce3867122052,Ellissa,O'Gorman,eogorman1m@hugedomains.com,7/21/2018,9/22/2021
326e02df-a49e-4c45-a68e-a378610bd2e2,Vilma,Villaron,vvillaron1n@microsoft.com,3/27/2014,6/6/2003
5b0b55b1-10d8-4c25-ad8e-2ec13649db1d,Ali,Georges,ageorges1o@instagram.com,8/18/2002,3/15/2012
5ffe804c-f739-45ea-9a52-4a93668478a9,Sibeal,Dorwood,sdorwood1p@go.com,1/13/2003,12/5/2009
28f385fa-9e3f-4df3-a9fc-c8ceba7313f9,Charlotta,Kearley,ckearley1q@chicagotribune.com,8/23/2021,4/23/2016
51e03fb0-e99d-4c2b-9f05-bef42833a730,Corny,Berry,cberry1r@noaa.gov,12/1/2004,11/1/2024
1d0fc0b3-7261-431b-966f-42a115b725de,Garret,Whitmell,gwhitmell1s@imgur.com,12/23/2024,4/8/2019
96a40e79-25ea-4987-a83c-e48bbc3f11a0,Rosana,Izatson,rizatson1t@google.it,6/28/2015,11/11/2010
95359fd2-bef9-4745-a940-2562ecabce9c,Ilysa,Pendrich,ipendrich1u@dailymotion.com,11/9/2004,10/21/2014
d4530bf9-d5bd-4775-b384-80ef8dbd00df,Ali,Spry,aspry1v@w3.org,9/29/2003,10/19/2018
ba862650-578a-4264-984c-13833f689f32,Jacquette,Kenewel,jkenewel1w@toplist.cz,10/24/2007,12/3/2013
99b1803e-88c7-42e1-97c6-0e746d3e4edf,Beulah,Raden,braden1x@is.gd,12/29/2009,2/14/2021
eb22eba4-259b-4552-918f-669335c886a6,Nicole,Cornier,ncornier1y@bigcartel.com,3/7/2009,4/29/2007
ea153106-b234-4198-b9d0-737e265c72e1,Felicia,Bomb,fbomb1z@dmoz.org,10/15/2019,9/28/2016
0756bf3a-2b0d-4ae4-b067-5008039abe7b,Hayden,Hildred,hhildred20@aboutads.info,10/10/2025,12/25/2007
be70663c-4bc6-4650-9a0c-59d7622a34b6,Jamesy,Genney,jgenney21@hubpages.com,1/25/2005,11/28/2010
5997a066-7043-4005-a61c-cd8ed8b0bf10,Avie,Streader,astreader22@omniture.com,8/18/2010,6/15/2025
1af56dc2-0d9b-49ac-84f7-aa8ef8f61f95,Whitaker,Renak,wrenak23@unblog.fr,7/6/2013,8/30/2016
51d7cc16-65fa-4314-be80-668af59cc165,Desdemona,Thurlbeck,dthurlbeck24@hc360.com,10/9/2016,9/8/2017
d6455f48-2110-4eb2-b540-8e882ce6d44d,Cristy,Creagh,ccreagh25@altervista.org,7/31/2000,1/23/2002
6012bcb9-84a2-4637-9be5-f3ea0c8ac167,Halie,Hunnaball,hhunnaball26@reverbnation.com,8/28/2020,9/22/2005
b659cb94-b252-4122-81ed-e1e18b3d9a38,Evan,McKinless,emckinless27@infoseek.co.jp,11/10/2013,2/19/2008
559f56a9-bc0a-4978-b2ae-8aea59771453,Kendre,Cristofolo,kcristofolo28@salon.com,10/12/2017,5/18/2015
c70bf6ca-000a-4aa9-a3eb-21226eefdd94,Austin,Woodlands,awoodlands29@shareasale.com,2/12/2024,3/13/2023
8d6c6d0d-446d-4006-b521-1a312791b0b8,Rani,Bousfield,rbousfield2a@tmall.com,4/22/2003,5/25/2025
2d41d8db-3a88-41c3-88e9-f53200641a6f,Carry,Tingly,ctingly2b@amazon.com,7/12/2004,5/25/2020
23f0f9b0-6327-4905-8c21-fafc3403b926,Jessalyn,McMennum,jmcmennum2c@spotify.com,6/21/2016,3/11/2016
56568305-e658-42b4-8f94-e3bbb85b7d79,Ferne,Anders,fanders2d@techcrunch.com,4/7/2004,8/1/2013
1614d7ff-774e-4fd4-8c76-2de81c9d3ff0,Giuseppe,Yard,gyard2e@smh.com.au,2/22/2005,6/26/2006
ac0203c4-1d8c-4b1b-a0af-d4539f156f03,Nadine,Hawkes,nhawkes2f@weebly.com,1/8/2021,11/11/2021
b66bc82e-04b2-4755-89f5-ec64596ba18a,Kareem,Seymark,kseymark2g@csmonitor.com,12/21/2020,9/26/2016
c4df84ca-0724-4ec9-acbc-179df3f9c205,Mathilde,Beckers,mbeckers2h@opera.com,12/3/2002,4/10/2002
3691792b-81b1-47d0-ad84-fc7e9d8645a5,Becky,Sedgemond,bsedgemond2i@businessinsider.com,8/28/2002,3/1/2015
a4aec3cb-9e9d-4f68-baef-5d3f621de093,Dolorita,Becaris,dbecaris2j@fda.gov,7/1/2010,7/15/2014
91bdb939-3681-4942-9ca9-c143df0da35d,Ange,Donneely,adonneely2k@weibo.com,1/21/2022,3/5/2025
9fc8909a-971a-4f2c-8a35-507d0d7f4b64,Demetri,Beak,dbeak2l@pbs.org,5/20/2016,1/30/2022
a680e1c4-8656-439a-8bcb-f6d1992a017f,Wyndham,Odd,wodd2m@google.com.au,12/16/2014,1/15/2010
31794c29-1482-4f14-9599-4b7345f496e9,Ingra,Slatter,islatter2n@naver.com,4/27/2013,10/25/2009
6ddc9da2-31d6-4e73-be35-2af20620436d,Grete,Ferns,gferns2o@admin.ch,2/15/2002,5/17/2009
2e3c05ba-1356-41e1-bcab-4ff3bdf7e645,Angele,Jorn,ajorn2p@list-manage.com,2/17/2005,11/11/2024
ecd491dc-af84-45b8-8aae-d7b127f78a1e,Olag,Eye,oeye2q@issuu.com,5/18/2008,9/19/2001
e658115d-4522-40e1-b77e-8cb3a19886b0,Danni,McCourt,dmccourt2r@reference.com,3/11/2015,3/2/2017
208f732d-bf80-4d33-bc3a-d7c938144945,Natale,Arckoll,narckoll2s@ftc.gov,2/17/2007,6/9/2007
380e9a32-6ac8-45a0-8a40-d828ac9c9f7f,Amelina,Sumption,asumption2t@tinypic.com,8/27/2000,1/12/2004
28b0cf9a-89ea-4522-aad3-bc14323761a2,Ginny,Gill,ggill2u@biglobe.ne.jp,4/26/2020,6/25/2005
281e548c-3def-4277-ab05-75cae08f1603,Beryl,Geraudy,bgeraudy2v@columbia.edu,2/5/2024,6/28/2005
f4e6639b-4a65-4a93-a473-82d0f47b7989,Nealon,Carnie,ncarnie2w@cbslocal.com,2/14/2009,11/17/2015
889e9fd1-4426-4ec9-890b-f3ebdd427bd7,Vilhelmina,Ricarde,vricarde2x@qq.com,11/4/2010,12/17/2013
c5900caa-64ad-4801-9d3c-fa8be17f8ff1,Antoni,Lamasna,alamasna2y@google.com.hk,12/21/2017,2/21/2019
3daf9c26-3afd-433d-b3a8-afd2e5624d7a,Jerrilee,Wehner,jwehner2z@biglobe.ne.jp,2/22/2007,7/4/2024
b4536f59-2809-4f24-b363-1f1ff1ea16fd,Alysia,Thursby,athursby30@wikimedia.org,7/20/2020,1/14/2014
cd3a2741-7c5d-4bed-9428-46d868545b57,Estrellita,Branigan,ebranigan31@reddit.com,4/2/2017,8/18/2016
29c1b81f-d3fe-4fa6-8668-372909d41ffd,Zollie,Mewe,zmewe32@goodreads.com,3/19/2004,7/7/2005
1004d18a-67f5-4e5f-9f86-d0b98b775026,Carlin,Ballston,cballston33@noaa.gov,3/5/2026,8/5/2011
e01b1a39-db77-459d-be05-963828bafd3a,Tallia,Roberts,troberts34@umn.edu,6/15/2014,12/14/2022
7395c8c6-03dc-453a-b1d1-3ce2f82365d3,Jinny,Empringham,jempringham35@storify.com,11/8/2011,11/26/2005
9ebbbd58-d4a1-47fa-afe1-aff7443d62a6,Euell,Wilshaw,ewilshaw36@mapquest.com,3/21/2013,2/13/2011
03a378f2-df0f-48de-901a-e67e2bba800d,Bel,Piquard,bpiquard37@toplist.cz,9/18/2020,4/21/2008
95a7f706-29e2-4589-a64f-658aebff4481,Quentin,Barltrop,qbarltrop38@weebly.com,8/30/2008,10/3/2009
89ec7872-5f89-4a11-b279-ebcfa7c5eb4e,Gail,Beckinsall,gbeckinsall39@dell.com,12/6/2025,9/15/2025
9c877546-ec20-4631-9e04-0caf7cc44e2d,Kile,Tiddeman,ktiddeman3a@ifeng.com,5/12/2023,12/4/2025
9d575320-260e-4704-b5dc-4180da89653a,Astra,Annon,aannon3b@wunderground.com,2/26/2009,4/7/2009
74065852-93ab-4f7b-8786-872aae4c37dd,Guenevere,Beeckx,gbeeckx3c@blogs.com,8/6/2000,7/10/2011
1b5f79cf-1520-4084-a516-c359ec1d7dd8,Gabriela,Dwelley,gdwelley3d@cocolog-nifty.com,8/3/2000,11/29/2003
70b5f342-2fcd-4e1b-88cb-e66702bd8e06,Gussy,Garwood,ggarwood3e@bloglines.com,3/11/2012,8/14/2021
ae7341ff-0bc0-4eea-8cd9-8048da217b66,Lilllie,Bloxsum,lbloxsum3f@mac.com,3/12/2005,10/6/2013
0219b240-dde6-441a-9818-2f6d7515ba20,Hildegaard,Aldam,haldam3g@samsung.com,1/10/2015,1/19/2021
f31006f8-71a0-451a-8b16-ce05d5099f1f,Dickie,Clabburn,dclabburn3h@elegantthemes.com,6/27/2006,6/23/2007
e038c44b-99c8-43ca-9db5-a36c21ad0e6a,Valli,Himpson,vhimpson3i@webmd.com,12/20/2005,8/25/2018
40a1a7b4-8683-46ae-a37d-93ef3c1b8d45,Tammi,Roman,troman3j@rediff.com,5/28/2009,11/20/2020
2409d397-7a1a-425a-85b1-d8d90e2fa264,Quintilla,Thorndycraft,qthorndycraft3k@house.gov,8/11/2008,9/10/2002
e113ce6c-7cc2-4b55-8d99-75b69d77cbb9,Porty,Nutbeem,pnutbeem3l@umich.edu,5/16/2011,5/13/2005
e674e14d-5c71-4000-b856-20a2e19e1949,Siusan,Cayser,scayser3m@boston.com,4/27/2020,10/23/2011
1c3e7c78-bcd7-4ed2-ad62-eaba7cc9ddb0,Bastien,Crutchley,bcrutchley3n@meetup.com,10/26/2004,8/15/2024
17457686-b1f8-4207-a724-68d9f92e1204,Alain,Rapi,arapi3o@reddit.com,7/3/2004,11/15/2009
79cebb46-48d1-4dce-8b71-9389221c2c77,Cordelie,Duffet,cduffet3p@bloglovin.com,3/28/2003,12/7/2019
84ee33e9-d892-4962-8a0a-a8a752f18534,Flossi,Ricards,fricards3q@mit.edu,2/11/2025,9/8/2024
d2fc4ed5-29aa-45f7-ab18-4e16d5d1579b,Kaye,Romney,kromney3r@admin.ch,5/16/2000,3/10/2007
485149e2-54b9-4e43-9cfa-089dea4e099b,Yalonda,Foyster,yfoyster3s@hibu.com,10/25/2015,9/9/2002
40c8482b-0d9d-43a6-8f7c-8d125d347c28,Fiann,Fieller,ffieller3t@feedburner.com,7/24/2022,8/12/2023
abeb3077-18b2-4db6-aa67-84266d096e43,Anna,McGillivray,amcgillivray3u@huffingtonpost.com,8/13/2024,3/2/2016
42f0795e-f48d-4f2a-ad5d-41c967784670,Ally,Haddy,ahaddy3v@usgs.gov,9/1/2012,7/22/2024
ac8be97c-2283-4a0c-a4a5-abcda5910c24,Petey,Corbie,pcorbie3w@telegraph.co.uk,2/18/2012,8/11/2008
095e4d89-a283-4393-a787-fa54ae467e0e,Adriaens,Loddon,aloddon3x@studiopress.com,11/4/2020,3/15/2019
d23e1549-4312-44fa-8797-4ee2fb91429c,Ianthe,Elsmor,ielsmor3y@slashdot.org,7/2/2011,12/12/2021
fb025280-3071-49f5-99f6-0c30277e65fd,Fabien,Slainey,fslainey3z@sciencedaily.com,6/27/2018,2/8/2001
f06a6023-4608-4831-8a29-b96213d18551,Tadeo,Sheather,tsheather40@jugem.jp,3/21/2002,7/6/2018
005b0432-08fb-4e8a-8aad-61e40887f62c,Lillis,Charlo,lcharlo41@fda.gov,11/28/2019,10/5/2022
93464634-cf6f-46e6-a39b-9cb77d0542f6,Fons,Powdrill,fpowdrill42@cyberchimps.com,1/12/2025,10/12/2001
37eeb962-eaab-442b-b06a-81ade5fdc37a,Georas,Bourdas,gbourdas43@gov.uk,4/12/2001,2/10/2022
b8c234ad-1916-4ec1-b81e-7dcd568dd362,Inigo,Schorah,ischorah44@eventbrite.com,3/9/2024,5/17/2018
a1ce85cc-96ee-409a-9540-e1354983c3a9,Gertrude,Hainsworth,ghainsworth45@economist.com,4/18/2015,7/26/2011
2c27e820-d599-4850-b16c-ef2f944bd507,Dianne,Preshous,dpreshous46@aol.com,4/3/2009,11/4/2005
bc7de4a7-7374-45e3-8a04-2eaab31128b2,Naoma,Book,nbook47@tinypic.com,12/8/2012,5/13/2001
4eaad433-f70e-485f-ad3f-f36a50ee7ce9,Robers,Petters,rpetters48@jiathis.com,3/24/2012,8/25/2019
9531074d-a3db-4ebf-a9c8-215beff3e03f,Breena,Kall,bkall49@mit.edu,5/13/2021,6/22/2009
a7dafc19-4060-4094-ab53-fcc2950d09ce,Abigael,Gary,agary4a@biglobe.ne.jp,9/21/2015,8/11/2019
7a670f8c-b67e-4cba-97b4-6e5d4633fb20,Giulia,Brierley,gbrierley4b@nymag.com,3/19/2006,7/22/2013
8c6eebb5-94ad-4034-a3ba-8407c00cec18,Pincas,Balfre,pbalfre4c@foxnews.com,3/30/2009,5/29/2023
f3fd8f05-adf2-4675-b642-5f2ddad71e0d,Forrester,Tomczak,ftomczak4d@joomla.org,5/28/2000,4/2/2010
c2590b79-40cb-47c1-aa90-b2ec72eb5ae8,Geneva,Dack,gdack4e@vk.com,3/12/2015,8/6/2013
521c37fb-247a-447b-ad73-b251ef464a39,Miquela,Matts,mmatts4f@ebay.com,8/11/2025,10/11/2012
31acfed5-506e-46fa-8cc4-92688a3673f0,Iggy,Ramelot,iramelot4g@youtu.be,6/9/2003,2/18/2026
f6f5c49c-567f-4178-9606-d302ab7ef596,Gretchen,Clinch,gclinch4h@house.gov,4/17/2011,5/27/2009
0db4be13-ad0a-4915-bcc3-5fcf86479eb9,Bethany,Liversage,bliversage4i@time.com,6/5/2019,5/1/2019
a4d2be43-f642-4f98-9cb3-ce5bba1f2b41,Zarah,Kordovani,zkordovani4j@blinklist.com,10/26/2024,4/8/2024
468bf0cf-2a10-4baa-a5c5-220f91cfc8fe,Aldus,Grieg,agrieg4k@google.de,3/14/2011,3/1/2011
389f3b57-ad49-4d99-851c-d9033b5d468c,Nicholle,Stedson,nstedson4l@state.gov,12/4/2024,2/9/2025
75cd394a-a6c4-40e8-8101-dcc3a9a3ed22,Caron,Eggleston,ceggleston4m@tinyurl.com,4/19/2017,6/5/2000
0acdad3c-e6ca-42aa-afbb-300e7ab9f4c5,Gennie,McIllrick,gmcillrick4n@pcworld.com,3/6/2010,5/14/2001
86ae40ab-e1f2-4a68-80b4-8dff8cb19623,Olivier,Sneden,osneden4o@sakura.ne.jp,8/1/2016,1/19/2005
0655e55e-4d83-4b28-861b-e4d5127ec53a,Sadie,Hollibone,shollibone4p@tinyurl.com,12/28/2018,5/1/2017
3bad6687-aed4-4692-b148-f8d1f58c6e5f,Arden,Boorman,aboorman4q@slate.com,11/30/2004,8/5/2000
6ebc9d4d-33f2-4483-8097-b6905065983e,Harmonia,Grace,hgrace4r@hhs.gov,11/27/2024,1/1/2011
49ec0f9c-c703-4183-872c-7a04d01099a2,Rodie,Alger,ralger4s@eventbrite.com,5/4/2011,3/21/2020
daa12f78-8cf4-46ed-8af7-a32cd8d7c704,Cammi,Shakesby,cshakesby4t@hc360.com,4/13/2021,5/20/2024
a13773f8-ffe0-494f-af4f-e63addc7b166,Dora,Karlsen,dkarlsen4u@mayoclinic.com,8/4/2003,2/9/2022
1dd3e2fc-227d-4f90-8073-e8dc0a05fa6e,Rozelle,Fowell,rfowell4v@discovery.com,1/18/2005,11/24/2025
67dc7af0-3f30-4e88-b9fe-be69b085d8d4,Clemmy,Garlic,cgarlic4w@netlog.com,6/29/2015,4/7/2011
aa966bf6-5b5f-4047-a7f1-1d0740d8ed67,Allard,Bandiera,abandiera4x@bloomberg.com,4/6/2009,10/21/2013
afd46928-da48-42e7-baff-7ea9a8d3319b,Adair,Santorini,asantorini4y@eepurl.com,10/29/2016,3/11/2011
ea3e27e9-964f-489d-a50c-1b2a878ed39d,Deloria,Berzin,dberzin4z@kickstarter.com,3/30/2002,2/27/2017
f7e3b7e2-e3a7-42be-b9ca-07fb1ecc9da2,Sadye,Havelin,shavelin50@themeforest.net,6/10/2003,6/12/2013
5ca99bb6-8fc5-42b4-96c4-31140117b3ae,Hannie,Boneham,hboneham51@ebay.com,5/9/2020,6/16/2024
3fb470d2-15eb-4e04-9a3d-fc23984b8e9c,Pam,Fulger,pfulger52@lycos.com,3/8/2003,8/25/2008
97f70611-5071-4abe-8cdc-9b6fb9418356,Ulrica,Lean,ulean53@domainmarket.com,7/14/2009,5/11/2024
16f65d4c-ba1c-4c7e-a580-c7f0040fea20,Kit,Dawkins,kdawkins54@adobe.com,3/24/2015,12/26/2025
31369d68-cb52-4072-8a53-05988c711df9,Loria,Hold,lhold55@unblog.fr,5/30/2002,12/30/2013
d57532b3-75e7-4006-909d-3a8dd6562674,Dasya,Marjanski,dmarjanski56@exblog.jp,8/19/2001,2/23/2001
ddcfa1ac-85cf-474b-80f5-d5cf841fe668,Corinne,Delgardo,cdelgardo57@cisco.com,4/5/2020,8/12/2025
70db6229-d9db-43f2-b852-fe971da55414,Jacinta,Steagall,jsteagall58@imgur.com,5/11/2017,12/11/2005
1d39d9e0-eff4-4b67-b898-aa334a32c532,Dalila,Kilmurray,dkilmurray59@jugem.jp,3/4/2001,2/9/2026
ee40f9a3-d0d2-4839-836c-93763cc5c386,Joly,Bradd,jbradd5a@home.pl,12/28/2010,10/15/2003
e4712b66-84e6-450f-bad1-deb0ecd95cad,Katheryn,Loxton,kloxton5b@woothemes.com,6/24/2018,9/20/2012
22a74dad-e91b-4e2c-bc77-e3df3e8bc249,Berky,Fydoe,bfydoe5c@dagondesign.com,12/16/2004,2/21/2006
c1c3f204-5948-4123-b157-9ab6b02df553,Damaris,Fritschel,dfritschel5d@mit.edu,4/3/2008,9/24/2004
a8beca98-fd99-4055-b8c4-3224a7cd3caf,Madelon,Beagrie,mbeagrie5e@cisco.com,12/21/2009,12/30/2010
88ca8a95-da1d-42fe-8959-fd4fa5f761d1,Leisha,Danaher,ldanaher5f@disqus.com,3/18/2007,4/15/2012
577b2a53-f323-427b-988a-3d7a18748664,Rodger,Ledbury,rledbury5g@cloudflare.com,1/17/2005,9/11/2007
c98b2a0f-45e4-496f-8bf7-9d9409049669,Jorie,Westby,jwestby5h@cam.ac.uk,3/11/2016,7/31/2007
bc2f5794-e40a-49e6-a38e-883eabf6d15c,Clareta,Whitford,cwhitford5i@phoca.cz,11/26/2024,6/1/2019
8f7a7530-bc15-4e49-bbca-0bb50f94a8c1,Ranee,Murtagh,rmurtagh5j@washingtonpost.com,11/28/2013,1/29/2009
1fdff139-9749-4407-8ebc-335228658d3e,Blake,Mattaser,bmattaser5k@ovh.net,6/27/2015,6/17/2022
8f4bccd7-eb50-400b-9bcb-fc26bd3b5854,Kelci,Brade,kbrade5l@linkedin.com,4/7/2017,11/10/2021
cec01589-aefc-4cc5-9640-0f858ffbac32,Keely,Gillice,kgillice5m@pinterest.com,7/5/2012,10/31/2025
22c721dd-fe34-4c35-84ae-3e0191e8eab9,Devinne,Springtorp,dspringtorp5n@npr.org,2/27/2015,1/29/2023
6089bf4d-7c54-4d0a-a5e3-fb3ea6b0d0a0,Virgie,Letteresse,vletteresse5o@smh.com.au,12/7/2020,1/5/2006
e1eaf269-4d5f-4e49-b337-94c0f5c7ae5f,Berry,Joburn,bjoburn5p@bing.com,5/17/2011,7/3/2011
4f17dde1-66cd-4696-83e7-3ccb512dfba9,Emmet,Mourant,emourant5q@ameblo.jp,5/5/2003,5/5/2021
8e18b480-368d-4274-a78c-6699caad2fb7,Stirling,Rysdale,srysdale5r@jimdo.com,11/2/2003,4/8/2014
41542b15-1133-4a32-89c1-a28b96c87915,Ricki,Nellen,rnellen5s@last.fm,1/4/2007,9/18/2011
3f6d9627-7de1-47b6-8006-5095c24069db,Tonie,Balaam,tbalaam5t@pinterest.com,5/6/2017,11/17/2016
c14afc11-e74b-4811-b032-0200495cc1bb,Jerrylee,Lamplugh,jlamplugh5u@samsung.com,9/18/2004,9/25/2014
a57804cd-bddd-4c9e-9569-8ac1139b3e7f,Phillipp,Casford,pcasford5v@github.com,3/20/2005,3/31/2006
a603d44f-afbc-4e7c-9081-d1c5cd8ed542,Sloan,Barnett,sbarnett5w@bing.com,5/25/2018,1/11/2003
6af1bcb7-a991-4018-b0b1-06aeb41ffcc0,Goran,Farndale,gfarndale5x@cocolog-nifty.com,2/8/2011,2/11/2004
e0e32e8b-4019-4a94-a65f-d5c962fdd2fb,Urban,Sigge,usigge5y@cdc.gov,6/4/2012,2/1/2005
7f814210-63d6-4f8c-b01b-e9793f68d6b5,Jojo,Durrans,jdurrans5z@google.pl,9/28/2019,9/11/2009
88edf0a2-173e-4005-a931-3ddc370fd92d,Daloris,Beecraft,dbeecraft60@unblog.fr,1/11/2012,12/27/2012
2483888f-e064-45fd-ab26-711ca0bba99f,Shurlock,Stidworthy,sstidworthy61@abc.net.au,8/6/2025,7/24/2008
82ad434f-aa1f-4c95-92f1-287dedf5f9de,Cello,Hansmann,chansmann62@samsung.com,12/1/2003,5/26/2000
86343b5b-37b7-413f-9237-7ad6c6bcb77a,Vickie,Gansbuhler,vgansbuhler63@uiuc.edu,5/14/2022,3/2/2013
110af325-1825-4a29-8e0d-4e1273644eb7,Neall,Rubinshtein,nrubinshtein64@nbcnews.com,2/13/2004,6/24/2021
1bf5696b-88d3-4b1d-9db2-5ec512f6e9a9,Benito,Jelfs,bjelfs65@geocities.com,5/2/2010,3/2/2014
55dc5848-c84e-462c-b670-ee747fb93e4b,Tabitha,O'Heyne,toheyne66@yahoo.co.jp,10/15/2025,6/10/2023
7c4381f7-53ee-48ff-b783-56dace74602a,Herby,Espinoy,hespinoy67@boston.com,7/30/2021,11/17/2025
9934472b-a90d-4a17-9afb-bdc56d0e1315,Sile,Satteford,ssatteford68@chronoengine.com,4/14/2004,11/19/2017
065f7758-244e-4e8e-8b44-19268aab175b,Esme,Lashley,elashley69@merriam-webster.com,8/27/2003,12/18/2005
2e7ebe81-13d1-4048-bc3c-04ac69718ab0,Liuka,Dunmore,ldunmore6a@joomla.org,1/8/2024,5/12/2018
415c4e3d-4053-4cfd-bef7-a883f74fafd9,Janeczka,Timmons,jtimmons6b@deliciousdays.com,1/25/2023,5/16/2013
80a928c8-238b-4570-a321-58ae9cb90152,Amalia,Rutigliano,arutigliano6c@hubpages.com,6/16/2015,2/24/2010
3aad6f79-106d-41b2-931a-70f24e3aaed0,Jarred,Hiscoe,jhiscoe6d@istockphoto.com,3/13/2014,1/8/2017
48a67f35-f1c2-497e-a527-8e10fd2e3443,Ketti,Babcock,kbabcock6e@ucla.edu,10/3/2008,1/11/2023
c1fcd908-e6c4-493f-82f4-b3a7136b3635,Carmita,Devonport,cdevonport6f@hexun.com,1/27/2015,1/31/2010
e991e007-f7e1-4617-ad9f-18c9b1db5149,Kathye,Hancorn,khancorn6g@cocolog-nifty.com,9/3/2013,5/13/2006
8476d679-ae65-4e84-8376-980fa888e147,Austine,Simister,asimister6h@blogtalkradio.com,7/29/2016,3/11/2017
633d9c4e-8b7c-4e38-9cd2-30451cbbeb92,Colas,Diaper,cdiaper6i@biblegateway.com,12/26/2021,6/13/2002
e84f9f63-ec2f-407b-a4ed-75581aa7eea6,Angil,Gonzalvo,agonzalvo6j@goo.ne.jp,11/20/2004,7/27/2019
1a139273-1399-45e5-8f79-baf4ccd46e96,Nerta,Noyce,nnoyce6k@gov.uk,4/10/2019,1/28/2002
ba8ee662-0a99-492d-9732-9cb1679ee3ed,Melvyn,Eger,meger6l@uiuc.edu,7/6/2024,10/29/2021
7bcbb4a1-f2cc-40a0-a6d9-c9507adc21f6,Karel,Parysowna,kparysowna6m@adobe.com,8/16/2015,7/18/2024
083b82fd-7446-45fa-8581-f6b08fc26e48,Thorin,Commin,tcommin6n@epa.gov,10/8/2009,10/8/2016
599b2ad7-c436-4631-9324-a19f8678f3ad,Mead,Lill,mlill6o@ifeng.com,4/26/2001,2/14/2014
fe214ed3-e8a3-4963-b48d-6116a5843941,Ludvig,Khoter,lkhoter6p@dion.ne.jp,11/13/2003,1/22/2013
c600f030-da6f-496f-805c-904dbfd56adf,Elga,Curdell,ecurdell6q@naver.com,5/7/2013,4/21/2015
34f64b42-d4f9-4cbe-8a6a-17e2bcc0c9c3,Peri,Edyson,pedyson6r@businesswire.com,9/23/2004,8/11/2010
e6867b6e-a20e-4823-9522-f6c8aae30230,Tobye,Foster,tfoster6s@newyorker.com,4/10/2015,1/26/2011
bc98e4bd-b74f-4f10-8a8c-19c3a339dc59,Tatum,Rowston,trowston6t@livejournal.com,10/1/2008,11/9/2016
91bbaf85-b23f-438d-ad67-ec4146d8d857,Philippe,Judron,pjudron6u@ovh.net,8/25/2003,1/7/2017
403fbf0f-e416-418c-ab2b-96104b2f65bc,Rochester,Volett,rvolett6v@nih.gov,7/11/2013,5/27/2016
938b189e-9104-43e0-b2f8-5f0a089a9594,Carey,Theobold,ctheobold6w@craigslist.org,9/27/2003,7/5/2015
38711ecd-b2f2-44f6-9df8-97740feed7ab,Roderich,Stockdale,rstockdale6x@xrea.com,4/20/2008,11/24/2025
0856c003-ed13-47bd-8876-1decb372c152,Alric,Abrahamsohn,aabrahamsohn6y@who.int,5/23/2022,9/11/2019
98ed0515-b37f-4eb4-8377-60d5d6624ad6,Lucio,Lere,llere6z@sphinn.com,9/17/2008,12/27/2020
9d1c8425-f90f-4d5d-9f14-c508370a2334,Brooks,Leamon,bleamon70@w3.org,1/31/2011,3/10/2008
0d95f375-52a7-4c92-9007-e2ee2dc041d5,Sonnie,Clulee,sclulee71@dagondesign.com,3/24/2002,3/14/2026
e57e1664-fe50-457d-9e26-e7bd105efb13,Raeann,Benasik,rbenasik72@answers.com,7/2/2017,7/19/2019
e23ee9d8-ace5-4cc4-ba7a-52783fbe2487,Oliver,Glashby,oglashby73@google.com.br,9/14/2006,7/25/2024
29d0bca8-7fd4-4da3-bd34-956fd01b11eb,Marlie,Zuanazzi,mzuanazzi74@wordpress.com,10/5/2009,3/27/2009
683cde1a-7be8-4e4a-96ad-63c84e490761,Arlinda,Margram,amargram75@elpais.com,8/25/2015,3/15/2020
92e98bba-264f-4541-87f0-636bca038fa3,Des,Harbin,dharbin76@umn.edu,9/26/2017,1/3/2020
267250b6-1543-4f06-be08-2c5d9493feea,Viviana,Manske,vmanske77@bbb.org,11/22/2011,10/1/2015
2268bd9d-7dd9-41d9-a97e-3103a22364e3,Yorgos,Pay,ypay78@goo.gl,9/7/2023,3/3/2024
75c907c2-edc1-48da-83d0-f7afedd280c1,Leonard,Cortese,lcortese79@google.cn,6/14/2019,2/11/2007
1b9d64d7-4a41-4d56-a6a6-c43df6e41cc6,Ophelia,Campbell,ocampbell7a@de.vu,7/24/2018,9/25/2014
433db4a3-03f0-4f99-b9e5-0d2d932efef9,Stanislaw,Ivashkin,sivashkin7b@theatlantic.com,7/17/2011,10/24/2003
8af09492-2a7a-4cfe-a153-6525262bd9e8,Nicol,Lippiatt,nlippiatt7c@webnode.com,7/2/2005,6/30/2015
4234bb20-aedc-442f-a6f8-e8b09211e5aa,Chrysa,Oman,coman7d@spiegel.de,10/9/2013,5/13/2017
2dacbcea-b734-4df1-9291-6b3daab61afa,Tabbitha,Ziebart,tziebart7e@gov.uk,12/4/2012,7/14/2006
bf4f3304-82f4-4d57-9815-819952959ab0,Noami,Sekulla,nsekulla7f@weebly.com,10/4/2009,7/5/2016
f2724e7a-408b-4f8e-9e26-2bb990292579,Roxanna,Sellan,rsellan7g@nba.com,1/16/2020,2/16/2011
c1852b77-ff57-4892-a402-4274d0b5b681,Andra,Rodmell,arodmell7h@scribd.com,10/19/2007,6/15/2010
f6788eaa-9013-4c8d-abf9-308a45ba5344,Dewain,Daffey,ddaffey7i@bluehost.com,2/16/2004,7/28/2016
bd3bb15d-376e-468d-bb1a-f21b287c37ca,Aubrey,Guerro,aguerro7j@nyu.edu,3/10/2018,2/2/2020
50bd9ff2-46e0-4ad4-a522-46a178b8c3e5,Josh,McMurthy,jmcmurthy7k@imgur.com,2/11/2015,3/24/2002
48746da2-5288-4410-bc8c-888584f1fc7c,Alfi,Audrey,aaudrey7l@reddit.com,11/6/2022,5/9/2021
0e3dd506-0382-40d2-aa94-db3abd738641,Fania,Tomenson,ftomenson7m@live.com,12/4/2022,6/20/2011
2ee9d28e-ef69-44f0-8e23-dbb7f3d3db22,Ginelle,Lesser,glesser7n@netvibes.com,1/26/2018,6/16/2016
48b7a722-d67b-471d-b8df-2f04b3939576,Bartram,Chattock,bchattock7o@dyndns.org,6/5/2004,1/15/2012
9d8c0a21-8ba9-40c6-bed9-efba0a9829c0,Colette,Pimmocke,cpimmocke7p@fotki.com,11/23/2004,11/9/2012
a05d7f7c-9bb7-4b60-91a2-972a4ffeba4c,Ryan,Witz,rwitz7q@state.gov,5/12/2014,5/14/2007
0a253955-8bfb-4050-b03a-eb66b39abaaa,Evan,Gusney,egusney7r@ucla.edu,10/9/2015,8/24/2007
ef9eb2e2-e73c-4654-ae64-db8a162f36d5,Thane,Keavy,tkeavy7s@liveinternet.ru,9/11/2013,12/18/2009
98cd1e0b-d928-4c00-8941-0e55526a9203,Dunn,Brazear,dbrazear7t@webeden.co.uk,5/22/2016,11/7/2015
668f6d58-77a5-48c3-9b5b-8028142a66fb,Keir,Barents,kbarents7u@nytimes.com,8/17/2003,12/31/2006
16acc74e-e269-489a-a38b-e99430165b58,Fayth,Raecroft,fraecroft7v@xrea.com,7/28/2008,10/2/2011
18b220a3-5483-4e7c-a6b3-63003a4ea39b,D'arcy,Greaves,dgreaves7w@deliciousdays.com,10/17/2007,9/12/2014
aef59322-8ee6-4273-8d1d-21139237b83e,Tilly,Liley,tliley7x@eepurl.com,11/20/2025,9/14/2007
ec8fbc93-35a3-4446-8e00-30b963d802b0,Correy,Windle,cwindle7y@sun.com,1/8/2017,8/8/2013
52b41001-4cc2-4f72-8d0f-ec36a38c5c59,Zach,Dronsfield,zdronsfield7z@exblog.jp,11/29/2007,5/23/2013
c5ca100e-5ec8-4da7-9ede-f5f0d65602fd,Law,Halgarth,lhalgarth80@comcast.net,5/15/2024,12/31/2017
f5e39074-6021-447e-a728-3be17f637494,Laird,Scholer,lscholer81@dion.ne.jp,6/10/2004,9/2/2014
60b4c824-1f64-4907-8207-c6e71b2b02fe,Olivie,Searchfield,osearchfield82@goo.gl,4/29/2014,3/2/2024
44bbfedc-9727-47db-9abd-97e1da147007,Lizette,Rape,lrape83@newyorker.com,12/29/2024,4/23/2024
28478d17-943d-4fb1-8026-b281d5a0dc17,Brooke,Corp,bcorp84@paginegialle.it,6/23/2011,1/29/2015
d150a169-0114-49e5-9350-67c9a80367bb,Marlowe,Coldbath,mcoldbath85@discuz.net,9/10/2006,5/12/2009
149e7747-4f0e-4136-aafa-b340e0bca05b,Leonard,Flemyng,lflemyng86@auda.org.au,1/9/2019,6/28/2011
f0e2b31f-410f-46f4-b747-6a457ef3148a,Kalinda,Sheardown,ksheardown87@360.cn,4/12/2003,6/13/2003
7d19e620-d915-453c-b2c4-526fbd7adf7a,Josie,Attrill,jattrill88@yellowbook.com,11/20/2004,10/1/2015
2759ad69-9465-4be8-a284-2d72c2a96816,Cesar,Bottrell,cbottrell89@miibeian.gov.cn,9/8/2015,8/30/2019
565201ed-5c43-402e-821e-3566dad2ab95,Vittoria,Vell,vvell8a@so-net.ne.jp,2/22/2014,7/28/2010
0da23a6b-a2c6-4cca-ab8f-c5389c4287b3,Phil,Skehan,pskehan8b@cdc.gov,5/29/2015,5/3/2005
d2e77773-5a23-4f01-accf-46df7e30a8f7,Dahlia,Pillifant,dpillifant8c@wired.com,8/31/2007,3/28/2002
0fb9e224-8404-45b7-9486-dab4a8337aea,Lyndy,Crumby,lcrumby8d@google.com.br,5/19/2010,10/12/2019
4a93e6e6-6296-4f37-9f53-4160bc94f396,Flss,Krop,fkrop8e@hexun.com,6/14/2014,1/27/2012
ffc1e947-2063-4d66-bb7d-da54281f6731,Glenda,Dayly,gdayly8f@house.gov,4/25/2007,1/12/2010
91f7e294-2b85-4c5b-bbba-9092b2ea7bfb,Irma,Lehrer,ilehrer8g@furl.net,1/4/2017,1/2/2004
a1e8ac29-0a22-431c-952c-98b4587efbe6,Quinn,Vobes,qvobes8h@economist.com,10/7/2012,3/14/2008
2652fcdf-c464-4e0f-ba16-6fdf88b2ff12,Alfy,Daltry,adaltry8i@meetup.com,11/17/2019,4/20/2002
cd07f74a-efee-48a6-941a-a100d2121ec9,Claus,Collingwood,ccollingwood8j@nymag.com,1/22/2002,5/13/2012
8fd4dff9-619c-4191-b313-a6b3818b72ba,Bennett,Greenlies,bgreenlies8k@tripod.com,6/9/2008,12/26/2001
27062c13-4fbc-4c7b-93af-fac41b49d1b3,Arvie,Malecky,amalecky8l@chron.com,12/15/2018,7/18/2018
2f15f2af-09da-4d3d-89db-ebc2764899bc,Maurene,Kollatsch,mkollatsch8m@unc.edu,2/8/2008,5/21/2005
3b8bc18e-deec-47c7-85e1-33012c0aa9fa,Kelcey,Wheatley,kwheatley8n@yahoo.co.jp,1/8/2012,6/26/2013
1f2c3d99-66eb-481e-afde-c63b9bc73c1b,Storm,Davitt,sdavitt8o@businesswire.com,4/23/2009,1/25/2020
43d02b8c-b4d6-4058-971f-f82c976f52b9,Willa,Haywood,whaywood8p@walmart.com,8/11/2025,9/22/2016
aa43f1f6-3ae5-4747-adef-fa69ebda2452,Reidar,Perchard,rperchard8q@jiathis.com,3/4/2016,11/25/2001
76298de0-3399-41b8-8ce3-615240437179,Hussein,O'Hare,hohare8r@bing.com,7/21/2002,8/18/2025
402d3304-e0d9-4581-bce7-192f3e59b777,Marnia,Spackman,mspackman8s@comcast.net,2/12/2012,2/10/2011
0f612405-cc18-4dab-99d3-f9c68ca0562f,Berthe,Tonna,btonna8t@photobucket.com,2/19/2004,4/21/2007
484da349-91ce-4fd4-be96-b019e598b9a9,Kermie,Bahlmann,kbahlmann8u@aol.com,6/7/2023,8/13/2013
d5e04342-b154-48af-83b4-1379abb463c9,Joanna,Jewers,jjewers8v@flavors.me,3/10/2020,7/18/2010
f99f2a55-2e49-43cd-8ef9-37b0ce8d470e,Renae,Quinell,rquinell8w@usgs.gov,2/21/2023,9/12/2002
d1b622b7-63eb-4785-a99e-279aebe5ae7d,Sanford,Yakubov,syakubov8x@shop-pro.jp,3/21/2013,12/8/2020
992f56e6-e455-470f-a45c-51195f57cbbb,Salmon,Flegg,sflegg8y@ustream.tv,9/9/2005,4/14/2023
c93dea43-3e85-4dd5-88fe-e92b3543f8d6,Renie,Chaldecott,rchaldecott8z@redcross.org,10/4/2012,3/31/2026
0ab38386-4aeb-4293-b5b9-bb3b12c08f82,Tildi,Benbrick,tbenbrick90@qq.com,12/13/2018,4/13/2020
d40b2bb2-7946-4c25-b84d-0bd8b6a8725f,Forster,Uttridge,futtridge91@google.com,9/11/2010,1/9/2007
2bd893ab-47fe-486f-adbd-0fe828d6083b,Seth,Tripon,stripon92@spotify.com,10/25/2009,12/23/2024
ae312c93-e097-4ced-b855-47f6d1b66290,Kali,Battershall,kbattershall93@shop-pro.jp,1/28/2016,12/19/2007
1bbcefd4-6e7b-4a27-b6b0-2103b99cdf19,Kearney,Bramhall,kbramhall94@bigcartel.com,12/16/2004,12/15/2011
92d15d41-a82f-47aa-9f9f-d662c1957492,Serge,Everly,severly95@bizjournals.com,2/4/2022,2/22/2023
c72fd747-1eb4-4201-93d2-98a7afa91c1a,Emmye,Crampsey,ecrampsey96@moonfruit.com,3/15/2025,2/25/2022
13d4c849-75c5-4d39-986e-4298fe9b1bdc,Bearnard,Gras,bgras97@gov.uk,12/31/2017,9/18/2008
07935154-7447-4301-81f4-c79fa0bc5fb0,Rhetta,Icke,ricke98@netvibes.com,2/6/2009,8/6/2019
e12849dc-438a-4dda-93e2-0043ddc38151,Stoddard,Andreutti,sandreutti99@cargocollective.com,12/14/2017,7/6/2020
05838418-a3e1-4776-ad20-93cc8830457c,Lissi,Skeldon,lskeldon9a@un.org,2/19/2025,10/23/2013
917fab42-486e-4a9e-9e72-0ad26f838c74,Gerick,Woolway,gwoolway9b@hostgator.com,7/8/2009,12/29/2011
ab34405c-8c13-488d-bd36-b2bfa7088fea,Walther,Yvens,wyvens9c@angelfire.com,10/30/2003,4/12/2008
fc2fbb24-f266-49b4-99c7-7d5971ee3bc0,Nanice,Domingues,ndomingues9d@ihg.com,8/4/2002,10/9/2024
4c1ff009-c2a6-4ed1-9a40-f3a739a81bde,Muffin,Charlesworth,mcharlesworth9e@xing.com,5/21/2006,6/11/2002
12e401d4-4770-4b56-a6a7-37d2063a4d35,Clarence,Tafani,ctafani9f@trellian.com,3/12/2012,7/15/2002
3896dcfa-d70b-49c1-ae0d-b9a18e8689e2,Cornie,Clutten,cclutten9g@sina.com.cn,6/10/2000,12/22/2024
840c3622-2a65-478d-a63c-41acc05f95d5,Allix,Earwicker,aearwicker9h@yellowpages.com,10/19/2023,6/7/2020
a200fed4-e604-45e9-9218-8a05640fefa7,Emelyne,Wagerfield,ewagerfield9i@army.mil,5/11/2005,8/2/2019
8ac85fca-fc07-4e98-ab32-e532a5e40f31,Emili,Colrein,ecolrein9j@w3.org,6/10/2013,8/14/2005
f53198ea-0831-4072-ad39-d96948b89be5,Jobina,Giacomi,jgiacomi9k@hhs.gov,3/29/2006,10/9/2009
8eb8b2d9-180e-4705-8ead-1ccc389012f1,Noell,Selwyne,nselwyne9l@dropbox.com,3/28/2006,11/25/2013
021ccc5b-353c-45fc-89ff-3c7850e86bac,Gabriel,Brennan,gbrennan9m@diigo.com,4/19/2000,5/5/2021
11879809-bfea-4c96-bb93-29bee3b191aa,Wilfrid,Doniso,wdoniso9n@va.gov,7/6/2000,1/8/2020
c546d743-2843-4f50-ae19-e2e9e5658313,Cherlyn,Mahomet,cmahomet9o@g.co,2/25/2005,8/7/2019
52a9fb3b-f5ca-444d-aa0b-caa799fe0c23,Flor,Piscopiello,fpiscopiello9p@live.com,2/19/2014,1/3/2024
f46c870f-49fd-40d0-afaf-df09fe19b522,Lesly,Arundell,larundell9q@epa.gov,5/2/2013,3/31/2014
f216f9b0-729e-49b1-ae46-b4776ef2d55c,Shir,Severwright,sseverwright9r@example.com,9/12/2005,8/1/2003
48b2ba3b-6d77-43cd-a5e1-4a79a268569f,Nanni,Kovalski,nkovalski9s@arstechnica.com,8/3/2007,11/3/2000
8f62ee25-ba97-44c8-a4bc-397af5d15ed8,Codi,Eskrick,ceskrick9t@123-reg.co.uk,7/16/2001,2/12/2004
e3d712fb-473f-4025-ac14-6a4bf7bf0599,Lezley,Ferrone,lferrone9u@psu.edu,8/3/2023,8/9/2002
254257d3-907d-448a-95e7-06b856ef2a4e,Zak,Ruprechter,zruprechter9v@ca.gov,8/7/2020,9/12/2003
8e79d6c0-da1a-402e-b64c-d3be21699136,Laurence,Kinkaid,lkinkaid9w@auda.org.au,6/25/2022,8/21/2022
0f1222a9-39e9-4489-a3f9-c5a1b982c319,Preston,Reame,preame9x@over-blog.com,7/9/2010,3/12/2021
4e5cab72-efe1-42f7-8460-31a6a530372f,Jacques,Stenning,jstenning9y@free.fr,8/15/2005,1/18/2011
a90a1575-ed87-4b98-8976-fd900d9d4752,Selestina,Paris,sparis9z@hostgator.com,6/28/2015,4/30/2014
07e6d694-47be-42bd-ae72-36dd8d981995,Abbi,Rutgers,arutgersa0@canalblog.com,10/1/2009,11/7/2023
6bda6eba-6f29-4aa3-852e-5fed4541be68,Kliment,Wahlberg,kwahlberga1@live.com,9/6/2012,10/16/2005
8502fae8-faa0-4d11-998b-0edb77f0aa9e,Cloe,Stoyell,cstoyella2@prweb.com,5/15/2018,5/27/2019
26089f4e-9690-403f-9f54-eed5a91849d9,Bill,Beltzner,bbeltznera3@cyberchimps.com,3/3/2025,3/4/2020
1cf47b89-398a-4072-94aa-afa1e80a3eca,Loni,Shanahan,lshanahana4@prlog.org,2/6/2005,3/31/2005
01360f26-f16e-476a-b05e-d5c0e2a5ad4e,Mariam,Gothrup,mgothrupa5@ft.com,5/30/2014,9/3/2012
0a1a36bc-e193-4f5a-8a9d-3c477d98c934,Bennie,Shields,bshieldsa6@foxnews.com,10/7/2016,8/23/2023
4c82a9c1-4696-4e3a-9731-438f6fce049b,Lenard,Denys,ldenysa7@topsy.com,9/14/2002,4/12/2025
65779ad3-0784-44fe-a4aa-a05bf526653f,Emmalyn,Cianelli,ecianellia8@sohu.com,10/7/2011,4/25/2006
9f9113de-f9b7-439a-8b8a-e080f2a096fe,Juliana,Craw,jcrawa9@hud.gov,11/21/2002,5/2/2006
dadde9f7-ae33-4e52-82b2-137debca8958,Darice,Gypson,dgypsonaa@tumblr.com,2/24/2010,4/13/2016
fe750537-2daa-466d-a61c-da3907c9be08,Antonia,Dempsey,adempseyab@bizjournals.com,4/3/2003,3/15/2008
a94388cd-0ad8-4914-832c-4af28ff1aef9,Marina,Begg,mbeggac@ucsd.edu,4/29/2008,10/27/2020
0b6096bc-b346-4db6-b0a6-bbe43edbdc4d,Peadar,McCoughan,pmccoughanad@vk.com,2/26/2007,10/26/2012
7829a588-29f9-4260-bff1-f101ca9be7ef,Osborn,Clowney,oclowneyae@networkadvertising.org,6/11/2013,12/11/2001
eda2cb05-5069-4013-a7d2-5c1cd67f9e14,Coriss,Tran,ctranaf@g.co,8/13/2012,10/30/2010
ce328237-8683-4ceb-bcc2-d760de626d18,Jehu,Speck,jspeckag@ibm.com,3/23/2025,7/30/2020
2b39f066-ec7f-4cbf-9b8b-88236d982533,Sharity,O'Donnelly,sodonnellyah@imdb.com,5/14/2007,10/19/2005
a2aa024d-7720-4581-b8f4-68064f0bb0d3,Brigham,Stickney,bstickneyai@nymag.com,10/5/2004,1/4/2024
7f920ee9-bd9d-4a6e-ac8a-cc72f3a66622,Curt,Joule,cjouleaj@skype.com,4/29/2008,11/14/2000
862ae46a-15cc-4276-97eb-281ae321b5d5,Noella,Fernyhough,nfernyhoughak@nymag.com,3/31/2002,8/27/2015
d63d7f6b-f6b2-4cec-ba0b-4fb3e9b26fe6,Nataniel,Jerams,njeramsal@taobao.com,10/5/2025,11/29/2001
5f23bc7d-db6b-440a-afa0-f86165699735,Bernadene,Notti,bnottiam@economist.com,10/20/2006,4/10/2014
0e229528-c316-4ebe-9bde-e911c7e30fb8,Feliks,McEwen,fmcewenan@google.com.hk,8/13/2001,6/12/2022
1ff671cd-8779-4b31-b0ad-4e2d59f108f7,Reinhold,de Voiels,rdevoielsao@slideshare.net,1/21/2025,7/3/2020
da69134d-31eb-4652-bd70-2fd9eba6776d,Eustace,Dalgleish,edalgleishap@usa.gov,6/10/2006,6/14/2023
eb7e46df-6edd-4aaa-867e-6754b8197401,Silvain,Laville,slavilleaq@sogou.com,6/12/2001,5/18/2002
64cc53f2-3632-40a1-b2e2-dd0cfd12c157,Clio,Brodnecke,cbrodneckear@hibu.com,12/2/2025,4/10/2004
9125e82c-9151-4065-98f0-afac3b3b106c,Tildy,MacLaren,tmaclarenas@tinypic.com,8/14/2016,12/16/2023
83662ed0-bf02-4fec-97bc-a081eb50c2db,Meir,Callan,mcallanat@instagram.com,8/21/2024,4/28/2006
1d369566-0e7e-4eda-80d2-7fa5d5903cc4,Leeanne,Stockton,lstocktonau@cdbaby.com,7/9/2020,3/25/2006
f0e6a34c-48c1-43e2-a7bf-88012291a7a6,Frederico,Abelov,fabelovav@jugem.jp,9/10/2010,8/20/2024
714093b7-a23e-4c4f-911c-1b3aa1bac6cb,Maddie,Robertazzi,mrobertazziaw@ucoz.ru,10/22/2017,9/9/2008
61be0520-ef6a-40ad-914b-3ee74ba158fd,Donny,Tombleson,dtomblesonax@trellian.com,12/14/2022,4/13/2008
74c106c1-4f09-45a7-b28f-4fa9a6f0e54b,Nicola,Copland,ncoplanday@ow.ly,10/31/2023,10/30/2025
f5ac3146-12e9-42b7-a99a-6a847c23ebff,Westbrook,Arkow,warkowaz@ow.ly,10/31/2015,7/14/2015
8223097e-cc8d-4e46-b0f7-23586903c6c4,Greg,Cicchinelli,gcicchinellib0@macromedia.com,10/16/2018,11/16/2018
28a67da4-825b-4eb7-a8cd-a74db0ba1936,Leonanie,Tournie,ltournieb1@foxnews.com,2/24/2010,1/9/2024
d03604e5-13fb-432b-bb72-53d866cb964d,Carrie,Nestoruk,cnestorukb2@google.es,12/15/2005,7/11/2002
8604e3b7-d234-4651-b6d9-1db43c36dd88,Ingaborg,Ginnaly,iginnalyb3@fastcompany.com,3/18/2022,11/3/2007
a22ae813-f55f-41ee-8a8f-64035772cb2e,Devi,Ellph,dellphb4@bluehost.com,10/21/2014,9/7/2006
8622e01c-06d0-45a1-be9f-d0547d92ce8c,Lucio,Twoohy,ltwoohyb5@nba.com,11/2/2013,6/30/2025
93c6b328-9fc9-4fb5-b707-7f5f8c44a66f,Silvano,Orviss,sorvissb6@eepurl.com,12/30/2011,12/3/2022
fbbbe27f-663e-4d63-ba80-0a5faa880481,Hillyer,Genever,hgeneverb7@eepurl.com,8/17/2010,5/17/2013
f8755e94-728d-4b9e-89cd-351f52bdaed9,Silvio,Peacock,speacockb8@alexa.com,9/4/2013,10/16/2005
a3ce3b7e-45bd-4bce-924a-dd3db415f10e,Gregg,Tong,gtongb9@twitter.com,2/10/2006,7/5/2012
1606facf-06d3-4701-a1a9-2d0bfb7f7364,Dennison,Flannery,dflanneryba@google.it,11/21/2016,10/19/2025
473d704b-ef90-4b3b-8224-09613bc92ffc,Kimball,Sanney,ksanneybb@google.nl,8/14/2011,3/7/2014
6bc7981c-3a56-4bc8-ad53-b48bc4f7b466,Tedda,Sneddon,tsneddonbc@marriott.com,10/6/2023,10/24/2020
6a15d1f0-158f-4405-9099-4ce70ef301e5,Padraig,Mapholm,pmapholmbd@xrea.com,9/7/2004,6/20/2000
e3a2e7fc-ce49-488a-9640-5e4c41c07b86,Elijah,Soff,esoffbe@indiatimes.com,3/5/2005,5/5/2020
9c83e30f-2802-4d63-ba0c-d2aa1fc38b05,Rickard,Ghilardini,rghilardinibf@howstuffworks.com,11/22/2005,3/17/2026
e9fb9e9b-a108-4e5c-87e7-99d33be31945,Krishna,Audsley,kaudsleybg@soup.io,9/17/2018,10/6/2007
9ac6d199-ce51-46c4-88c9-d0f1d1bd65b8,Missy,Giannazzi,mgiannazzibh@stumbleupon.com,1/13/2011,7/30/2021
0cef084b-185d-46f2-bf1d-ef65e6ac5706,Carlotta,Langton,clangtonbi@github.io,5/12/2007,2/14/2015
d8176c77-561a-4031-a4f5-d9933186df74,Brenda,Linzey,blinzeybj@tuttocitta.it,4/8/2000,11/26/2012
f851e602-9103-4878-a671-a1ce3ef054de,Jolee,Walklate,jwalklatebk@wikipedia.org,5/6/2021,2/13/2005
60149ec7-81fb-47e9-a27d-8143768c0df8,Blake,Negus,bnegusbl@npr.org,10/25/2024,9/8/2019
04d5d962-36f1-413e-a73f-d6593c03d8fd,Lynnette,Stendell,lstendellbm@cnn.com,9/25/2002,10/1/2025
2e0057c6-5413-4970-8741-b03fdad1376e,Willy,O'Mailey,womaileybn@tinyurl.com,12/21/2007,12/19/2023
b5fb9d85-c741-4bf2-a94f-b4fb6d8712e3,Sephira,McMurthy,smcmurthybo@jiathis.com,2/19/2023,8/9/2005
0c0d1e75-df6f-4264-b8e9-a128c8da63e8,Deborah,Petz,dpetzbp@mapquest.com,8/26/2004,6/28/2009
d1ff3353-aea2-4db5-a10e-8f0e34b3b98d,Gaye,Parmby,gparmbybq@rakuten.co.jp,10/17/2012,1/19/2022
4141875c-f42b-47f5-99af-ecdeeeae9e06,Hy,Cesaric,hcesaricbr@adobe.com,1/4/2002,8/22/2012
551b5761-5313-4774-ba78-dccd59c919e3,Morie,Snodden,msnoddenbs@jigsy.com,5/8/2003,8/13/2017
2af1af2b-cfaa-4bcc-a1a8-3d71c709b13f,Mahmud,Gilliard,mgilliardbt@cnet.com,2/17/2024,11/21/2001
6933f619-93fe-47ad-8559-eb9f68198dc4,Benni,Mangenot,bmangenotbu@deliciousdays.com,6/11/2006,3/8/2021
15ada208-7d70-4c35-85c4-c77acfaf0feb,Mignonne,Pennicott,mpennicottbv@dyndns.org,3/26/2019,2/2/2018
a76e342b-7380-447f-b656-adff28f423a2,Regan,Walaron,rwalaronbw@tamu.edu,10/5/2014,4/4/2005
6bfb02aa-c909-46c9-9194-b6cd3f019af1,Germaine,Saberton,gsabertonbx@networkadvertising.org,8/1/2012,6/17/2020
1b70f036-2ea0-4713-91e4-302de78cb2bb,Welbie,Norwich,wnorwichby@usgs.gov,11/12/2014,7/16/2016
d3bfb236-66d6-43c3-b9e1-8c6bba000635,Sterne,Streatfield,sstreatfieldbz@umich.edu,9/8/2019,6/2/2005
0e16446f-c6a1-4780-89f8-406484f2071c,Alix,Pagett,apagettc0@over-blog.com,2/9/2011,2/20/2019
6e0d2b3c-70e9-4319-ad6e-5ff9167e2ab2,Jermain,Fancett,jfancettc1@geocities.jp,1/6/2004,12/5/2002
5950f865-808f-4099-8d25-117231a0f219,Bard,Higgan,bhigganc2@apple.com,3/28/2012,6/7/2016
672448ad-8a10-4356-9cfa-edbd19b1833c,Elise,Braam,ebraamc3@sfgate.com,11/10/2011,4/26/2005
a0c9b0c3-cd83-497c-961b-fdb72da130b0,Alia,Leroux,alerouxc4@timesonline.co.uk,7/30/2002,3/22/2021
ec43629f-bc40-49ab-b7a2-3d0fd131a674,Brander,Maypother,bmaypotherc5@jalbum.net,5/22/2008,11/27/2012
72c5d765-8907-4af8-8850-9a478f58dba2,Ebeneser,Foulstone,efoulstonec6@qq.com,3/14/2006,10/24/2010
540bf4e0-cd94-4d32-ba4e-d7b8e8260c81,Lorrayne,Tomaello,ltomaelloc7@thetimes.co.uk,10/4/2018,7/25/2003
d4cc3346-7a6a-456a-aeff-2a6a436255c8,Boyd,Potell,bpotellc8@ning.com,6/24/2013,5/2/2021
864383a9-5816-4795-a157-cd50fb853517,Carlee,Jeannequin,cjeannequinc9@yandex.ru,7/11/2016,11/23/2012
7c833c66-8922-49f7-ba14-33946750beca,Leese,Henkmann,lhenkmannca@bing.com,1/28/2015,10/14/2013
e9a5e2bb-36df-43cb-9ad1-bdd01684986f,Reed,Sinderland,rsinderlandcb@cocolog-nifty.com,2/21/2004,12/16/2003
0bb1684b-96e2-4a31-96fb-c489423ad989,Chickie,Dickin,cdickincc@google.de,3/26/2020,9/27/2009
6cb7c09f-b079-42da-aa21-00766f708e25,Grannie,Wilkowski,gwilkowskicd@reuters.com,2/1/2023,4/18/2011
95003f24-c393-4a79-8053-310114ca7867,Heloise,Moquin,hmoquince@sakura.ne.jp,6/8/2023,6/5/2023
f89f6eec-3de2-4829-ad06-18459aafb68d,Ignacio,Hodges,ihodgescf@constantcontact.com,7/1/2017,8/21/2024
a6b2b86e-f871-49cc-a093-d31e2097988d,Michell,Hayhoe,mhayhoecg@gnu.org,9/21/2024,11/15/2014
2cdb1818-fba8-4493-b297-6e9f3bc66ddb,Mirilla,Chalk,mchalkch@noaa.gov,10/6/2001,11/21/2020
4d8730f0-9016-473a-9f58-5577b88999c6,Shoshanna,Berks,sberksci@mail.ru,11/5/2010,10/3/2008
7b064155-1118-4ad6-aa1a-8fffe981d1aa,Kerry,Cromett,kcromettcj@aol.com,1/26/2017,3/4/2002
d07ec32b-f43f-4412-abd8-560215bbadb8,Kathleen,Bank,kbankck@icio.us,10/17/2023,10/7/2016
7a79d3ab-705c-4279-a480-d70d92e72ed0,Kevon,Kattenhorn,kkattenhorncl@constantcontact.com,7/26/2013,3/14/2015
cdacd09a-858e-4835-a6be-dcb6236a369c,Aridatha,Gamell,agamellcm@1688.com,6/21/2017,9/16/2004
38b5042a-a662-4f06-bb19-b335097b636f,Philippa,Messer,pmessercn@berkeley.edu,12/23/2014,8/20/2008
e9a9ccf3-fe4a-4977-b8e9-eb478ba81cab,Rheta,Harrow,rharrowco@spiegel.de,11/14/2021,1/7/2008
911ffab5-9488-432c-bfa3-96d4d58ce97f,Ulrika,Dullard,udullardcp@list-manage.com,4/19/2000,12/7/2007
fc21f00a-5d2f-41ae-ad8d-61d1bc8ebaf9,Selig,Basillon,sbasilloncq@craigslist.org,10/4/2000,5/21/2021
d260bcca-da6d-4cbf-83ba-929194471eb0,Shannen,Brook,sbrookcr@domainmarket.com,12/22/2000,8/15/2002
19f1fb69-ecdd-4e16-848d-c81cc43451be,Halie,Barz,hbarzcs@4shared.com,9/25/2020,1/14/2014
e82190cc-ad99-43ed-ba4f-ba0e135ccac3,Lydon,Mains,lmainsct@omniture.com,8/27/2019,2/21/2002
108caaac-16e6-4a35-9cf3-4ae208040efa,Natalya,Pepis,npepiscu@wikispaces.com,7/22/2013,6/7/2009
3946aa8a-a913-41f4-91c0-ef9e8639f89f,Phil,Preston,pprestoncv@bloomberg.com,11/16/2005,11/29/2006
2f3f2824-9ee5-42b2-a409-14168d7c81f4,Janeen,Wylam,jwylamcw@cdbaby.com,9/10/2024,10/3/2004
0ab20f16-7ff5-42b5-b8fc-ff9988c903de,Granger,McDavid,gmcdavidcx@i2i.jp,4/2/2011,9/16/2022
0ff5c30f-ac4a-4573-a6d2-632a9b228aec,Sallyanne,Hatje,shatjecy@altervista.org,11/8/2014,7/13/2009
38be1c02-5013-4135-8d62-7bb2bfa85c21,Ky,Gocke,kgockecz@sphinn.com,8/28/2003,7/29/2015
e3a7042a-8f1b-478e-bf04-988bc848a2f0,Helaine,Adamek,hadamekd0@wufoo.com,9/6/2017,2/14/2023
4fd2e700-cd45-4ff5-a126-65d18e329f64,Ring,Blasetti,rblasettid1@mit.edu,3/7/2019,1/30/2002
ec048ddd-9645-4272-a1f4-80f7d25e9a01,Eleonora,Hinder,ehinderd2@chron.com,6/18/2022,4/13/2006
d5f4ac7d-7995-40a0-8e8b-0557b404b2fb,Hurlee,Sulter,hsulterd3@sphinn.com,6/14/2006,7/29/2003
e37cd07d-d207-4e3c-bca0-9e995b0b4269,Lila,Longhorne,llonghorned4@guardian.co.uk,2/1/2011,2/7/2017
2fb9b20a-de7c-45a3-a420-efc8fd52d8ae,Shaina,Mattosoff,smattosoffd5@a8.net,11/27/2008,7/4/2013
5927d2f4-f8d2-4b26-94c7-ea98145d09be,Ruthe,Tukely,rtukelyd6@nationalgeographic.com,6/12/2007,2/26/2014
ac894982-cbc0-476a-9cdf-6afd4223337d,Ezechiel,Aldren,ealdrend7@sina.com.cn,4/8/2023,4/1/2025
9c561386-a046-44d6-b2fe-ba1b65714037,Leora,Keward,lkewardd8@webmd.com,9/29/2024,2/15/2012
327326e4-de81-4a1c-bc70-c9865491f858,Nancy,Diter,nditerd9@nifty.com,5/4/2003,3/29/2016
7428031f-5c8d-4c2b-b412-22a195df02fb,Melony,Renehan,mrenehanda@istockphoto.com,10/20/2000,10/31/2001
de6fe181-58fc-43f8-acc1-9149c1a423a1,Pren,Kristof,pkristofdb@nih.gov,2/27/2010,11/23/2017
20120423-127a-4fc7-b71f-4a12c72c23c3,Priscella,Scotcher,pscotcherdc@gravatar.com,11/15/2007,12/29/2018
eae551f9-02b3-4fc9-8524-e3095ebefb64,York,Vergine,yverginedd@pen.io,3/17/2001,10/23/2001
faab8071-277f-495f-a6e6-6f37167ec8d9,Corena,Heningham,cheninghamde@huffingtonpost.com,7/21/2017,1/4/2021
1940a04f-05fb-43f9-aae2-803914e033df,Amalee,Norton,anortondf@moonfruit.com,10/30/2011,2/21/2026
b40b4a47-2ba1-42b5-9f54-8e39ebd1e2bf,Griffin,Lesser,glesserdg@amazon.co.jp,5/25/2023,2/25/2014
464ef95d-7cba-4197-9c23-a1e3634267d0,Andie,Ramiro,aramirodh@bloglovin.com,6/3/2023,8/18/2020
47973ca6-db6b-4770-aa05-accd298f084d,Dorry,Gabe,dgabedi@deviantart.com,11/1/2014,3/25/2017
d2e1d177-18a2-45d2-8e11-1fb0686566ac,Meaghan,Croad,mcroaddj@cmu.edu,7/14/2001,9/15/2005
b640b0d6-e929-404e-a463-009b4fd1f547,Andriana,Clegg,acleggdk@nasa.gov,11/16/2002,1/20/2026
c4c5b4ee-a38a-497c-bcaa-e9a3b8992edb,Shane,Cuff,scuffdl@yahoo.com,10/6/2009,2/16/2009
a6f15d0f-cae7-4d48-969b-4e33d66fef6c,Rock,Domesday,rdomesdaydm@homestead.com,1/23/2024,9/2/2022
5db3228b-6d88-4ec8-898e-72852c878328,Leila,Ogg,loggdn@pbs.org,1/14/2013,11/8/2004
780ed92b-f0b0-4a15-ad37-264134dbdc06,Sorcha,Laye,slayedo@answers.com,10/17/2018,5/12/2009
1d148eaf-9fdd-4565-8553-c509d6e30966,Myrna,Arnaldo,marnaldodp@liveinternet.ru,7/1/2025,10/28/2006
8dab5f49-4ecc-47ae-9b1a-885b3a4174d9,Barbaraanne,McAvaddy,bmcavaddydq@stanford.edu,3/25/2006,7/7/2015
9f7d9f34-d9d1-4cdf-8d54-3307ff16ba0a,Catriona,Trudgeon,ctrudgeondr@google.co.uk,2/26/2008,7/22/2007
f3a957d9-98fd-47f0-bdc5-f4841f27f90a,Lemar,Pryn,lprynds@devhub.com,3/8/2009,5/25/2013
8f9984cb-a0b0-49b6-8a77-f7bdfa4ce0f4,Fifi,Pearsey,fpearseydt@google.ru,1/8/2007,4/19/2018
acd1923c-dbaa-414d-aa1d-0d81c94d931a,Maudie,Chasen,mchasendu@pbs.org,12/12/2009,3/21/2018
207d4127-c0db-4a06-9ed5-09074fd08bda,Sheffield,Thay,sthaydv@epa.gov,9/9/2021,8/18/2012
d06437ca-a25b-4d74-97e4-20640e4d350a,Kevan,Brocking,kbrockingdw@ox.ac.uk,11/6/2025,10/22/2016
231aea40-d043-4cf1-a6b9-9aefaa839197,Shell,Dacca,sdaccadx@intel.com,7/13/2021,4/5/2023
0a5749af-40fc-45da-90df-3a9856a53c0f,Jonah,Burgiss,jburgissdy@sun.com,1/27/2017,9/10/2025
fd8c2fd2-c931-42bb-9777-523ea83ffaa7,Petra,Hehl,phehldz@techcrunch.com,9/26/2024,10/23/2014
491bc8a8-75c4-4b16-bebf-d11d17ad6434,Hayden,Stockford,hstockforde0@plala.or.jp,5/31/2014,1/13/2004
ee7ae508-f5f8-42fd-9128-4871369b4cc9,Laurella,Snooks,lsnookse1@kickstarter.com,4/12/2010,12/19/2000
b9e704c6-eca9-401b-a7ad-f41b93c7eba5,Frants,Rowlands,frowlandse2@unesco.org,1/17/2001,5/6/2009
7d3f7c93-f1eb-4d73-b73b-19af3c4415cc,Angus,Lyness,alynesse3@eventbrite.com,3/7/2026,1/8/2021
ac4edd3a-2f02-45c2-a50e-e681c3c0224c,Bee,Quinion,bquinione4@behance.net,5/24/2008,9/8/2002
6de729d8-7c48-4d1b-a7d1-df8889157699,Josefina,Hanway,jhanwaye5@wiley.com,9/30/2022,9/1/2013
f0936441-bd6b-441a-88b2-247404bcf672,Darrin,Enion,denione6@meetup.com,4/11/2007,5/8/2004
4a270b47-d980-4a41-8e98-71423eb036e8,Emelia,Turfs,eturfse7@who.int,10/26/2013,10/15/2015
bd491706-545c-4dae-b747-949d4b1d1df7,Alano,Sydney,asydneye8@e-recht24.de,1/20/2026,4/7/2017
6d4be83e-6ea6-460b-8abd-496db1e7c2ae,Mel,McKague,mmckaguee9@indiatimes.com,2/22/2026,10/9/2018
2dc1a71b-c87b-43f7-bc4b-9273f62862f0,Lynnea,Holson,lholsonea@google.com.br,9/25/2020,12/10/2010
80dc03fb-5c5b-43ed-88a2-e279be01d03a,Aurthur,Darrington,adarringtoneb@dot.gov,4/25/2012,10/12/2024
0b11281d-f026-4497-9d1b-6672ac843a79,Lindi,Sebert,lsebertec@tumblr.com,5/31/2011,11/15/2025
637ed29e-cc7e-4062-a35d-04faf8ea9c37,Whitney,Devennie,wdevennieed@dell.com,11/21/2008,2/29/2020
3c8a8c1d-5497-4ded-8402-cb1274839881,Darbee,De Bruyn,ddebruynee@icq.com,8/10/2020,5/3/2021
e17206e5-d177-4109-acf4-844630b9a21a,Dorine,Smout,dsmoutef@dailymotion.com,12/28/2006,11/24/2001
27836a18-d885-4dda-b84a-bc9ae6a2a01b,Rafaelita,Bolger,rbolgereg@friendfeed.com,7/7/2000,8/8/2005
afa109fe-b506-4800-9924-e7e53a46d54d,Arie,Buckam,abuckameh@washington.edu,8/30/2010,10/10/2024
2be2be50-951c-456b-97cd-71cf00226d2e,Westbrook,Mort,wmortei@ucoz.ru,3/30/2008,12/15/2018
cfbab119-fbcc-4369-97bc-cc7d46ede306,Vic,Statersfield,vstatersfieldej@zimbio.com,10/27/2024,9/22/2024
9e09ae0f-3eba-4798-b895-26f8aa5d8eba,Ced,MacGilpatrick,cmacgilpatrickek@pinterest.com,9/14/2024,8/25/2020
075a0716-7677-45c1-a3b1-484fa3165b62,Ellery,Shields,eshieldsel@stanford.edu,10/11/2010,3/23/2004
d5ef76f7-c1c3-4457-96ab-ec6da1c6ac91,Erich,Jenkyn,ejenkynem@myspace.com,6/5/2000,6/4/2003
0f7a2c5a-bb29-40b5-8c57-acd5b8fef8b8,Zebedee,Frears,zfrearsen@reference.com,10/22/2018,2/12/2006
43824893-4471-4057-9cab-e96f13c1a2f2,Chip,Greves,cgreveseo@flavors.me,3/15/2013,12/23/2021
6eb876b7-0b50-4a7d-a0ca-83dd3495eabd,Lizzy,Corkhill,lcorkhillep@sbwire.com,4/5/2025,12/1/2019
b2359dc5-4f8f-4a07-9e36-8cce4d83a265,Brandi,Lorrie,blorrieeq@aboutads.info,1/23/2005,12/21/2022
4aff83d9-c89d-4d31-979a-a5f2441eba69,Mildred,Coulter,mcoulterer@angelfire.com,2/9/2003,9/20/2021
3ee5f285-771c-4a2c-94c3-78938a7b5f89,Ann-marie,Greenhall,agreenhalles@jugem.jp,6/19/2025,11/19/2006
811af433-087e-47ed-a3e0-4107b4e48047,Donella,Bascombe,dbascombeet@paginegialle.it,8/29/2020,10/27/2014
0c913c6b-443e-45f0-90c0-3805279e5498,Cletus,Bollin,cbollineu@ameblo.jp,12/24/2024,1/15/2001
981d468d-cad9-41a3-8c9a-d7c0ed63279b,Bonnee,Abrahmovici,babrahmoviciev@sakura.ne.jp,4/28/2016,12/19/2009
62c623ad-9995-4fb7-9fcd-e3bd16784fdb,Anett,Beckett,abeckettew@instagram.com,1/12/2019,4/22/2016
cdf4e6cf-eb8b-4b00-a505-996981188c46,Garret,Rozanski,grozanskiex@topsy.com,4/3/2007,9/8/2013
784dc02e-b94b-4cbc-aa9b-c2e4505182a0,Alice,Braidley,abraidleyey@about.me,4/27/2011,7/23/2001
e31dd52f-b2ba-4a1e-9d81-e75d1ee01e1c,Bernardine,Cokayne,bcokayneez@intel.com,10/19/2025,5/4/2025
26e8e05d-e8cc-4dd3-9949-7a42b9e791be,Quinn,Brissenden,qbrissendenf0@auda.org.au,9/9/2003,6/17/2006
a6a11b08-f708-4a54-bd9f-e5db3198c6a0,Tobin,Silwood,tsilwoodf1@businessweek.com,2/25/2016,10/19/2017
36e23f3b-b94a-40a9-9fad-010af58ef200,Rowen,Leap,rleapf2@toplist.cz,11/11/2008,5/22/2015
3e423b20-8e1e-4c6b-813c-1e0b1f4089ba,Sal,Doogood,sdoogoodf3@washingtonpost.com,7/21/2024,2/2/2019
f6f69890-64e5-44fd-ba44-fc0f8151d246,Noelyn,Dougliss,ndouglissf4@oracle.com,3/13/2017,7/22/2005
7a3554a2-9845-4e43-a0c0-5692272940f4,Errick,Noury,enouryf5@ftc.gov,6/18/2015,8/27/2021
3ab5e94e-6355-4570-b25a-5ad9b8161ef4,Consolata,Tickner,cticknerf6@cornell.edu,6/20/2002,7/8/2021
0d9f6cf9-c1a7-4cfb-abf7-d57688d7b58b,Danyelle,Kemster,dkemsterf7@usda.gov,9/12/2022,5/13/2018
f3344fe7-86e5-44ea-a35c-31efe49acc28,Risa,Attarge,rattargef8@people.com.cn,8/14/2004,3/21/2019
49178aa8-e1ba-4584-ab8a-f0a48e279902,Rosaleen,Jirek,rjirekf9@webmd.com,8/10/2024,8/21/2018
063fe0b3-e693-4ad2-9360-8044e671335f,Lynnelle,Taffie,ltaffiefa@php.net,12/5/2001,1/30/2011
d2f44543-a382-4c48-af0b-39ce96135237,Caritta,Baroche,cbarochefb@deviantart.com,6/26/2019,8/24/2010
997b35d5-f41b-40bf-b334-2685722786c9,Godard,Signorelli,gsignorellifc@yelp.com,5/6/2008,3/21/2024
3c724cd9-2ca3-4fc9-afe6-346cbeb51197,Kara-lynn,Behning,kbehningfd@dot.gov,7/22/2001,11/12/2023
22514867-8fd3-4e74-ac52-c0f1018f54cb,Ros,Wooddisse,rwooddissefe@ibm.com,12/6/2015,3/30/2021
ec02041c-f17a-4c8d-994e-ca25bb0113bf,Wilden,Wright,wwrightff@usgs.gov,6/1/2002,8/15/2011
7f9473c7-7822-4e40-8757-68f1cd452195,Sarina,Willcocks,swillcocksfg@about.me,8/14/2011,11/2/2010
a6dc1924-13a9-439d-b7e4-cb50cbb5863d,Kaleena,Wisbey,kwisbeyfh@posterous.com,9/26/2005,8/25/2020
d710ed1d-5f7d-4b30-8b6e-9cf4dc92c899,Michaelina,Howse,mhowsefi@godaddy.com,10/21/2012,7/16/2004
15922ee1-dd33-4ea1-9703-b98dac091584,Petrina,Starsmeare,pstarsmearefj@skype.com,10/12/2003,9/18/2012
63439349-f7d6-4904-bdef-9c27eac53892,Corliss,Florio,cfloriofk@apple.com,11/13/2001,2/9/2013
dede1095-26db-4e5b-9219-508ebd8009f6,Holly,Cumes,hcumesfl@ucoz.ru,11/28/2013,10/6/2015
fdbe7e80-b01b-4b1f-ae54-73af00a248d4,Yolanda,Mundie,ymundiefm@a8.net,7/8/2015,1/22/2005
85f383f0-a1a2-4075-ae77-5abf135b2729,Ethel,Carrell,ecarrellfn@pbs.org,8/8/2019,6/14/2019
0f796911-e098-42ad-b7e3-030ecc978dbe,Annissa,Schafer,aschaferfo@skype.com,9/12/2023,10/13/2014
56e2abd0-460c-48d5-89d3-57013d6fdde3,Cyndia,Marklin,cmarklinfp@zimbio.com,12/16/2014,8/29/2003
6b4709a7-3911-453d-bc56-073e1990eb7a,La verne,Enderle,lenderlefq@mozilla.com,5/5/2016,7/12/2013
cb5b917f-888b-4067-8c21-122e05744e58,Fonzie,Collishaw,fcollishawfr@godaddy.com,1/9/2015,6/27/2018
37c64c13-9757-41a7-a475-667494e4c87e,Mallorie,Randalston,mrandalstonfs@nature.com,8/19/2009,10/17/2010
9f9e7d34-9057-4e0b-8e82-d1c2ab026062,Justen,Cullington,jcullingtonft@adobe.com,7/21/2013,10/25/2020
6240757a-5f14-4c35-800f-ea2d283b7a4c,Rosco,Necrews,rnecrewsfu@miibeian.gov.cn,11/22/2022,4/14/2023
d82ba296-fff3-45d4-9c08-c9a38a571c05,Webb,Pablos,wpablosfv@comcast.net,8/29/2010,9/15/2017
65646aad-81a0-4573-b791-beae03924633,Britni,Sturney,bsturneyfw@lulu.com,2/7/2024,6/12/2017
e2c706e0-1dbb-4c52-8ce3-c1e23bca0f2b,Isak,Rizzardini,irizzardinifx@census.gov,4/5/2020,11/8/2002
c6264b9c-6889-4015-9355-0e6e9dee472a,Alfy,Hadlee,ahadleefy@cnn.com,5/31/2012,7/17/2019
a2f68566-0e2b-43e6-adb2-c00333ceb39b,Julie,Rowbury,jrowburyfz@altervista.org,9/12/2016,9/16/2005
0da4b343-1b83-46c8-a7ba-7d5cd02f7269,Ricard,Dulen,rduleng0@tripod.com,7/25/2025,7/25/2011
747a6982-d05c-4270-a253-5dad1fb0572d,Jervis,Chamney,jchamneyg1@imdb.com,5/11/2020,10/22/2011
32a42a46-17fa-44ba-bb4a-71694e72e785,Candy,McCreedy,cmccreedyg2@usda.gov,9/23/2006,6/24/2025
7dceba0f-c645-4691-9f65-99b5f9f41b69,Reiko,Solesbury,rsolesburyg3@nps.gov,11/20/2020,7/27/2024
f94d1fff-5f48-4738-8a86-39abe8173151,Renell,Westhoff,rwesthoffg4@bravesites.com,11/19/2024,12/17/2021
de1d2e56-954e-4828-9958-79a360435f36,Maximilianus,Moxsom,mmoxsomg5@archive.org,2/14/2024,6/22/2002
0891b272-7ea8-479f-beba-e2994917f0b2,Horten,Buzzing,hbuzzingg6@yale.edu,9/10/2010,12/12/2008
6f4792b9-1276-454e-9e41-e482e9e8e71a,Kania,Whiten,kwhiteng7@berkeley.edu,10/22/2011,6/15/2012
45b7b934-c6fa-433c-b547-ff71ff89a942,Jacquetta,Gretham,jgrethamg8@weather.com,7/1/2019,3/24/2008
8e946794-e939-419f-9afe-84db1ba9046c,Rodger,Melville,rmelvilleg9@fotki.com,3/20/2023,7/8/2002
b0ebb4c8-322a-4c0d-a77a-0d190429c5c0,Almeta,Zannolli,azannolliga@flavors.me,12/3/2025,7/20/2014
2fa0b720-e673-4197-ae53-c6464979da87,Burnaby,Beckinsall,bbeckinsallgb@com.com,10/15/2002,11/22/2000
ac122048-be5a-4922-b250-b1aa6c19243f,Elsey,Cressar,ecressargc@instagram.com,5/14/2012,2/15/2026
0e85fecf-e63a-4287-85af-80c0a98cec64,Ulrikaumeko,Dampier,udampiergd@amazon.de,2/3/2020,10/13/2017
792985ef-5e25-494d-97f9-5ebd0fad5bc6,Samara,Standidge,sstandidgege@trellian.com,6/5/2009,8/2/2025
414ae70c-2da4-4e24-b88b-d590a1b28daa,Odo,Allett,oallettgf@businessweek.com,5/10/2011,6/17/2005
1d4c2546-c7f4-4a43-9349-ee924aa005ba,Konstanze,Boundey,kboundeygg@mysql.com,10/5/2002,4/24/2023
48dc26c4-63df-4d03-9230-86f9d93b07af,Deeyn,Aldwinckle,daldwincklegh@cnbc.com,9/29/2018,7/17/2018
d990282f-6407-4741-8e22-c3e0dd714143,Bard,Roff,broffgi@blogspot.com,9/25/2025,1/1/2023
e2cc0e95-98b9-41f6-8265-8c46fe408e14,Rachele,Cleatherow,rcleatherowgj@sciencedirect.com,5/3/2007,11/2/2012
76607128-896e-4280-bea4-ed2998b96461,Doralin,Bowerman,dbowermangk@webeden.co.uk,10/11/2014,11/25/2023
0b594356-47bb-4c70-a148-5696aebadd2b,Athena,Dougharty,adoughartygl@about.com,8/3/2013,12/22/2001
cf460ac5-3e4d-4d64-bb0d-2f4e6977a452,Gaelan,Brockington,gbrockingtongm@ed.gov,5/5/2025,1/26/2015
9822c09f-a732-4b55-85ad-a687668697ac,Nertie,Breslane,nbreslanegn@rediff.com,7/6/2014,5/22/2021
76b04a72-45ce-4a38-9266-751cf98b8694,Alfredo,Bowcock,abowcockgo@xing.com,5/25/2025,10/3/2018
dc553e89-9cca-47d1-9686-79890a90b23a,Bern,Baggarley,bbaggarleygp@tripod.com,10/1/2021,6/30/2013
38398089-f882-409f-ad04-26f1d04e7f5b,Elnar,Farrimond,efarrimondgq@oaic.gov.au,4/29/2004,3/23/2024
a73e9150-bbf5-47e6-a029-f1970fc7464e,Taffy,Schurcke,tschurckegr@rediff.com,2/4/2016,10/22/2008
477bb06c-ad87-4506-ad27-db3c5058336f,Haleigh,Stetlye,hstetlyegs@privacy.gov.au,5/26/2022,4/13/2024
10cafad6-501b-4eb6-8254-ac4379da44d5,Sisile,Velten,sveltengt@yellowbook.com,9/14/2013,8/31/2005
91f9c168-472d-44dc-ad24-630fcf00d588,Nan,Scotsbrook,nscotsbrookgu@mashable.com,1/8/2018,6/14/2004
3610b8da-8471-47e4-8b79-c1f070876480,Clarita,Pendlington,cpendlingtongv@google.com.hk,1/9/2015,3/13/2006
3f95db0a-aa5a-4b84-9d5a-a61642d5487e,Lorie,Mullen,lmullengw@abc.net.au,7/27/2024,9/30/2005
23889a82-60f3-4489-b42a-6d2e29a87c72,Yorke,Rudgard,yrudgardgx@tripod.com,8/7/2022,5/4/2012
8113d472-d795-4771-b1fe-10a33eacf2cd,Moises,Olennikov,molennikovgy@alexa.com,9/15/2011,12/14/2021
05b7c9ef-71d4-4569-8c5b-a6221d643efe,Annecorinne,Welford,awelfordgz@ucoz.ru,5/15/2022,1/29/2004
843a7fe7-bc86-4139-87dc-8c3536e4a78a,Betti,Farnaby,bfarnabyh0@de.vu,4/10/2020,4/11/2012
08983939-f13f-47b1-a6b9-7187ffe886b8,Bryce,Savory,bsavoryh1@cargocollective.com,3/23/2014,1/9/2018
897dcff9-b79a-4c46-9770-4536c6b3dc8a,Sarena,Bredes,sbredesh2@comcast.net,4/11/2017,11/29/2017
7a3ad27d-fe31-4f45-932f-9cadecd46b63,Kelsey,Jedrzejewicz,kjedrzejewiczh3@rakuten.co.jp,11/15/2023,10/5/2007
aef73b2f-4b5a-40cf-a65a-f2693c7cdfae,Tiffany,Greenshiels,tgreenshielsh4@bloomberg.com,3/15/2009,7/13/2001
d4f35ed5-3a6d-48ce-975f-7d211bb762fe,Ida,Luggar,iluggarh5@geocities.jp,6/19/2002,8/7/2006
b264fef6-59a7-4efa-a0fb-6b30ba53b5c6,Gerty,Mellers,gmellersh6@netlog.com,3/17/2015,6/24/2000
49197123-80c6-445e-b963-79314876d51f,Aubert,Reach,areachh7@businessweek.com,12/3/2004,8/24/2017
f6fd2658-52d7-4409-b348-d78759062057,Tandie,Whiteside,twhitesideh8@freewebs.com,11/28/2024,2/16/2012
fda2c3de-40f6-489d-8c0b-1899cda86278,Nolly,Norsworthy,nnorsworthyh9@shinystat.com,2/9/2004,6/16/2004
b2a22f5a-f7cb-4b09-9605-638c923bf975,Tedman,Paulack,tpaulackha@vimeo.com,10/13/2025,5/15/2021
be36fdb1-1d53-4dca-9baf-be9f7b252b6a,Odilia,Siburn,osiburnhb@weibo.com,1/1/2003,7/21/2019
3f3aba04-946e-4150-ac87-2d0eb017dc35,Rahel,Burtt,rburtthc@wired.com,3/25/2015,10/23/2001
b7ad5f1f-bdfe-4453-bbd0-58319c51bc6f,Nevile,Fahey,nfaheyhd@elegantthemes.com,7/5/2002,8/7/2018
6be5f1fc-56a4-4ecb-aa4b-57a5f62222fa,Mella,Decaze,mdecazehe@ask.com,2/12/2017,1/15/2011
2971ea5b-de5d-4642-9e65-548c5e7867ee,Ginnifer,Guinn,gguinnhf@sourceforge.net,2/3/2015,8/29/2004
1b4a7679-6056-4a48-839e-0cba7da00ef8,Carlin,Jennery,cjenneryhg@w3.org,5/21/2023,6/2/2005
ed78de1c-5298-4092-9d13-eb1390e7f763,Celinka,Bruckent,cbruckenthh@flavors.me,11/16/2002,7/24/2001
05696780-01c2-4fc7-a70f-2a9503cfbe89,Mycah,Wulfinger,mwulfingerhi@virginia.edu,2/25/2001,9/21/2003
fc3480ac-f1b7-4bc0-930e-5b086052d0a4,Erin,Klimochkin,eklimochkinhj@1und1.de,11/13/2019,4/25/2013
79e23ecd-930c-4534-acdf-679fe993d267,Amalee,Minci,amincihk@census.gov,8/11/2001,11/30/2000
c3cd95c9-fc0e-4886-b9e0-0b6d9adf696a,Gilles,Lukianovich,glukianovichhl@ustream.tv,9/10/2003,3/5/2001
e4121237-17f3-4e9a-b8b1-90fbcf9ac050,Marylynne,Landal,mlandalhm@ocn.ne.jp,10/10/2018,2/7/2004
8a272391-c16b-470d-83dd-cd1469022c0d,Kasper,Petrusch,kpetruschhn@arstechnica.com,9/8/2013,11/26/2002
c7a25e49-9fcd-40ca-a016-2b0bb71248b1,Arturo,Deakin,adeakinho@ox.ac.uk,1/21/2022,3/21/2025
0d33cd01-dd08-45e4-aa8d-633402321966,Yehudi,Prime,yprimehp@devhub.com,7/6/2020,5/10/2006
f16c35e0-90fe-4674-a68b-d855268e3fa7,Niles,Ferrick,nferrickhq@addthis.com,8/21/2005,5/28/2014
0b2f59c9-c4ed-4b0a-8858-cee93206bdf9,Shanda,Klaff,sklaffhr@google.com.hk,9/16/2011,4/9/2022
6c529146-4c9e-445a-a58e-dbb5cec3345d,Reginauld,Mumm,rmummhs@walmart.com,2/26/2003,11/26/2011
5969a0a3-47cc-4c41-b273-ad3a49cc0279,Marie-jeanne,Olekhov,molekhovht@dmoz.org,6/25/2021,10/22/2019
85487b23-299b-421a-b7f8-2ddcf2c8f60a,Tybalt,Lanphere,tlanpherehu@networkadvertising.org,1/5/2015,3/2/2022
3522b8af-e97b-4e8f-bdb4-4ef608edcbbe,Stu,Sabater,ssabaterhv@hostgator.com,5/6/2010,4/29/2017
21e24893-1c84-43b1-8566-d7a2288a721c,Shandie,Auchinleck,sauchinleckhw@buzzfeed.com,11/8/2020,11/23/2018
4aaa0a61-563b-4fb8-a562-f6e33d108c75,Kassandra,Buller,kbullerhx@phpbb.com,10/1/2017,5/12/2009
9eb4df70-c4af-452c-8afe-64c3d254ff7b,Collie,Zanelli,czanellihy@dedecms.com,4/28/2023,9/10/2002
934af750-523c-4484-8e28-37c261e2b73b,Wallache,Smales,wsmaleshz@topsy.com,9/21/2003,1/26/2009
ba1b7551-abb5-4801-9518-ca224887b5e1,Euphemia,Waymont,ewaymonti0@tinypic.com,8/29/2015,5/23/2024
52d25bd5-b6b4-402b-a679-ba2308e28b38,Othella,Clabburn,oclabburni1@chronoengine.com,10/17/2005,3/26/2009
56e20e93-b31b-4842-8d81-67377afb1663,Orville,Ewin,oewini2@fema.gov,9/25/2025,1/7/2024
d409354c-d614-4f9c-8617-d8063bf95d41,Adolf,Haylett,ahayletti3@vimeo.com,3/13/2008,8/15/2011
0276015c-3daf-4195-a0d2-b98e2f536f99,Birdie,Ivanovic,bivanovici4@vinaora.com,4/12/2009,2/21/2007
fec6ba6f-34bb-4e7f-8222-3ff71e4f3922,Kristyn,Roll,krolli5@myspace.com,6/6/2004,5/11/2019
563b5703-3442-417b-971d-1b4bfae18c11,Gunilla,Springate,gspringatei6@nifty.com,11/15/2006,7/24/2017
d87888e3-5f37-4d79-af2e-278ce76cd85b,Berny,Gallally,bgallallyi7@blog.com,3/3/2003,10/15/2003
f8f44084-74b2-4444-8096-2dbaffb370eb,Haroun,Downe,hdownei8@fc2.com,7/7/2017,7/1/2018
fec89c12-1601-4987-9442-29cb1596f0de,Donovan,Astlatt,dastlatti9@cdc.gov,12/2/2007,10/25/2022
a6cbc3c6-cbb4-40bd-b9ab-c3c4419faaff,Em,Adcocks,eadcocksia@china.com.cn,2/5/2017,6/12/2013
6a6abe51-e76d-42e0-a15d-b7c6d30a9db8,Aurilia,Anning,aanningib@opera.com,9/26/2003,10/9/2007
6ba55512-55e4-458a-981a-5294719af869,Blakeley,Paten,bpatenic@freewebs.com,11/12/2000,7/2/2006
38ebd544-a35c-4a95-8220-8399d140aa55,Emogene,Keyden,ekeydenid@cbslocal.com,9/27/2023,3/9/2022
1e97465c-de5c-43c7-b994-8a872e67119a,Doris,Sallan,dsallanie@usatoday.com,11/27/2003,1/3/2008
bcda94a1-a0b8-4eb0-9151-d5889391b248,Douglas,Regnard,dregnardif@bravesites.com,12/19/2000,10/2/2025
1b4f4675-e2cb-4039-bcd2-67ab9ad133f0,Sheena,Bercher,sbercherig@icq.com,8/28/2017,10/10/2003
ef040b0d-4205-4776-9a5a-c7b8dbc06fa3,Jodee,Glasscott,jglasscottih@livejournal.com,3/16/2001,7/16/2023
ea1f45f5-a106-4deb-92c6-41e8a6bec8a8,Lane,Logesdale,llogesdaleii@xrea.com,6/3/2012,8/23/2007
54cf6ac6-bfc4-465e-b100-c0e052b253dc,Stacee,Landsbury,slandsburyij@networkadvertising.org,12/15/2022,6/19/2002
556d580a-c4c8-407b-bfba-6a2e95711c87,Cary,Hubach,chubachik@boston.com,4/13/2013,11/1/2008
62070e24-b65d-4876-88c4-3f9ff0d9feac,Larissa,Crumbie,lcrumbieil@123-reg.co.uk,9/17/2018,4/18/2025
06236357-89cc-4b8e-91bf-7f11001fb175,Kristofer,Beardsley,kbeardsleyim@list-manage.com,5/1/2014,2/26/2011
c2d314ad-d400-4e6c-a637-62f2ab10b356,Candy,Chidgey,cchidgeyin@cpanel.net,2/21/2015,4/16/2023
ece8cf19-63db-4d1b-b45c-4e21972cde9f,Midge,Baggett,mbaggettio@cargocollective.com,8/26/2019,6/12/2025
d8f4cd9a-a4d1-4eb2-bdf1-bbea14d0f197,Coral,Lyddon,clyddonip@naver.com,9/24/2005,7/22/2000
cf5938d8-9c74-4d32-8fb8-b614c09139b9,King,Flatley,kflatleyiq@pinterest.com,1/11/2005,6/2/2020
a5ec7221-bc4b-40cd-a1c9-0b28e3cf862a,Cathi,Reisen,creisenir@dell.com,2/15/2022,11/9/2017
51ec2446-6472-44cd-9c76-2743acedef0e,Findlay,Bagg,fbaggis@blogs.com,11/5/2010,6/23/2015
137f2feb-1cb7-43aa-a015-6ae1d1f6f18c,Lincoln,Stamp,lstampit@disqus.com,5/15/2010,9/28/2002
2be5ebdc-8beb-4752-b1fd-4fced25577cc,Vikky,Schuricht,vschurichtiu@google.com.hk,12/28/2016,6/7/2008
75fbc290-5f40-45cf-9b94-43215b8d6239,Ara,Womack,awomackiv@rediff.com,12/15/2022,4/23/2025
741761a4-8688-4bf6-b505-b42d35c94dd9,Elfrida,Laughrey,elaughreyiw@nbcnews.com,10/19/2018,4/29/2015
3b42dd54-1ada-408a-b5f1-6b4cfb494d4d,Gennie,Fuzzard,gfuzzardix@cnn.com,8/4/2006,11/11/2019
c62794be-37a7-4e53-b754-593e1cedaeee,Essy,Mixture,emixtureiy@icio.us,12/20/2007,7/21/2003
9cc482da-8cd3-4875-882c-850c864edd5a,Benoit,Leopard,bleopardiz@time.com,1/18/2019,6/30/2001
80ff756e-e945-4e7a-8e4f-8274e5448dff,Donna,Biggs,dbiggsj0@dedecms.com,7/22/2017,3/24/2007
afd44d51-5777-44b0-bdf9-95cdeb0cca5e,Emmalyn,Lagen,elagenj1@dailymotion.com,9/11/2024,4/12/2007
36cf8053-f9e7-4f52-840f-09405bb1096b,Lily,Gordge,lgordgej2@cafepress.com,1/29/2014,3/1/2001
b86c989e-decd-4c57-898a-75b2bd4c2fc0,Gui,Seniour,gseniourj3@ftc.gov,10/2/2006,8/20/2001
52ca1e85-d3bb-4b38-ad1b-9104e647c3f8,Teodora,Looby,tloobyj4@virginia.edu,3/25/2025,2/2/2003
0df958a4-d677-4712-9531-c814e50f86e0,Lucas,Dyet,ldyetj5@epa.gov,7/12/2024,1/16/2026
449f7289-e7d4-4476-a258-bd5ec5c5d7d4,Clyde,Discombe,cdiscombej6@exblog.jp,9/3/2019,5/12/2012
fd8b2fdb-d27f-48cf-90e9-8a14d1c18f73,Charissa,Barents,cbarentsj7@spotify.com,3/18/2007,5/27/2008
2f5f196d-e286-4df4-9866-2a1cea1ab221,Fleurette,Keuning,fkeuningj8@technorati.com,8/8/2000,3/15/2011
a5e5d01c-ef3a-4273-9b87-c07249703886,Niki,Donnan,ndonnanj9@fema.gov,1/28/2015,11/3/2010
f8a9e4a7-0438-4599-9854-cc271230e598,Finn,Elsom,felsomja@fotki.com,3/1/2003,8/13/2021
a525beb5-a56f-4001-a29c-085b4340c841,Parrnell,Scurry,pscurryjb@thetimes.co.uk,8/9/2024,9/5/2022
d41b5600-2f51-43ff-bf0c-e4bcde3e111c,Myrtia,Ellerey,mellereyjc@mapquest.com,7/17/2000,3/14/2002
a187b121-955f-465b-881d-02815b1343cb,Addison,Najera,anajerajd@indiatimes.com,2/2/2022,12/23/2002
d98f1435-878e-4e13-ad59-d5edfc3e237f,Nelie,Tamburo,ntamburoje@accuweather.com,7/3/2001,8/13/2001
2229c407-41f6-4485-814e-524c0dbfb507,Gaelan,McConigal,gmcconigaljf@toplist.cz,4/22/2019,3/9/2017
caff7d15-f0a9-4e0d-9712-e760a9436aa9,Lettie,Nolin,lnolinjg@nbcnews.com,1/28/2010,1/30/2017
d18f3196-d6fe-40fc-a592-105a7206fe45,Adelle,Smithen,asmithenjh@vinaora.com,10/10/2008,4/16/2000
033a581a-a80a-4d01-af02-a21eddf74c37,Pier,Podbury,ppodburyji@kickstarter.com,7/12/2013,4/13/2001
4929602c-2ae4-4e5f-84eb-35de42a25a7b,Casi,Castiglioni,ccastiglionijj@columbia.edu,2/27/2010,9/20/2022
3632e085-ac9b-4e21-b2b0-a397f56d9588,Benedikt,Eagell,beagelljk@ameblo.jp,3/13/2023,7/11/2021
079802b5-e1f8-4a70-86dd-8ffd4f7f2c71,Margret,Stollenwerck,mstollenwerckjl@telegraph.co.uk,6/21/2013,3/12/2009
f74cbfcf-9913-4e76-9b83-0dce1e413955,Eward,Ferretti,eferrettijm@gizmodo.com,7/6/2009,11/28/2017
768e24ea-07a5-4767-8381-cfcd9dbfd95c,Odilia,Cowp,ocowpjn@is.gd,2/12/2019,1/8/2009
a38e29d2-8630-4023-90bc-1165441d3e3a,Davina,Segebrecht,dsegebrechtjo@odnoklassniki.ru,10/3/2018,9/18/2016
527c8852-f2de-42f8-9423-07cf0a1214cf,Verene,Kirtland,vkirtlandjp@washingtonpost.com,5/25/2013,3/23/2006
6771bde2-c4bd-47fd-b820-638ea3021f5c,Briano,Wildor,bwildorjq@wikia.com,12/3/2004,9/21/2005
38a8fd1c-ca36-4b35-ab97-7aeb129350f1,Hildy,Mawford,hmawfordjr@plala.or.jp,12/9/2012,5/21/2012
2d04e51e-7fba-4342-a0bc-650071c9c869,Archibold,Noraway,anorawayjs@wiley.com,12/1/2002,7/11/2010
e5ebd160-be99-46ff-ac78-515ae436f3f3,Rosalynd,Carek,rcarekjt@comcast.net,2/11/2019,6/16/2001
700e3041-5cf0-46ac-9114-5eeca56c9d7e,Drusi,Cruickshanks,dcruickshanksju@tiny.cc,5/6/2010,11/4/2015
1edeec5a-c887-4750-894f-c559dff2bb6f,Henka,Edelheit,hedelheitjv@adobe.com,11/6/2012,7/1/2002
a98d7a1c-5cb5-4973-90c2-515e85cff114,Caitrin,Southouse,csouthousejw@apple.com,12/7/2003,1/11/2014
9cdc97f9-2d10-4308-b43a-7e21349faa27,Henryetta,Skeen,hskeenjx@t.co,11/28/2005,9/6/2011
afc08a8a-375e-416c-9e24-cd1b08fea866,Aggy,Mackison,amackisonjy@soundcloud.com,2/26/2006,6/28/2019
c1485e03-ce5f-45b0-9ebc-a7b62992229e,Claudianus,Grimsdale,cgrimsdalejz@craigslist.org,2/16/2021,5/30/2007
836e4667-e16c-4711-8900-79381830bc92,Annice,Lavington,alavingtonk0@i2i.jp,9/5/2019,5/10/2025
9ddf0b0f-a119-43b5-ba77-6e2e66fd3686,Kirk,Charnock,kcharnockk1@army.mil,10/1/2024,2/9/2009
deb7da50-cd2c-4df1-92db-70f2704a8136,Dominica,Keywood,dkeywoodk2@google.cn,10/4/2015,5/25/2007
150da735-c34c-4331-94df-73a4cbf9ddc0,Genevieve,Gauld,ggauldk3@addtoany.com,10/17/2017,7/29/2009
3aca4172-5cc2-400a-9513-16f883e7e8dc,Kacie,Drane,kdranek4@bluehost.com,6/16/2010,2/13/2005
634ce019-0568-4c6d-8b7b-608a6e34b92c,Pete,Casaccio,pcasacciok5@woothemes.com,2/6/2018,1/15/2004
ecba6a19-e914-4076-bddf-c20a7fca158f,Agata,Luthwood,aluthwoodk6@godaddy.com,8/5/2002,4/14/2018
34d9023f-2667-48dc-b0e7-ef6326a8074b,Keith,Kalvin,kkalvink7@mlb.com,9/6/2019,5/21/2016
68adf039-4372-464d-9043-8e5e7ee2e1c3,Jacquenetta,Izkoveski,jizkoveskik8@netscape.com,5/4/2020,4/3/2026
ac7a46a4-3925-4b21-a93c-3108c6f8c0bb,Susy,Smales,ssmalesk9@ucsd.edu,3/5/2014,12/24/2008
2d2d6a8f-c893-43a5-a979-9af64237fafc,Stephanie,Swindlehurst,sswindlehurstka@odnoklassniki.ru,8/14/2013,8/8/2021
e4f3773a-30ed-470f-be2e-2b558d8622d0,Dmitri,Georgi,dgeorgikb@google.com,7/23/2003,11/27/2025
4179f5c9-759d-46dc-a313-3598a51e64d2,Cloe,Ramiro,cramirokc@mozilla.com,1/14/2011,12/20/2024
5a0e8ca2-ed28-4043-97d9-48622a5a55fd,Masha,Sclanders,msclanderskd@exblog.jp,1/17/2024,6/19/2019
a0c340cc-0477-43d6-baf6-997333d963b5,Vite,Lovewell,vlovewellke@odnoklassniki.ru,6/19/2001,8/4/2017
e7c81641-d54b-40f3-8983-6be9889cb585,Carroll,Hylton,chyltonkf@wired.com,10/30/2021,1/2/2021
7f720252-3426-42d9-8a11-de28928a3a4d,Tannie,McAlarney,tmcalarneykg@deviantart.com,9/13/2023,1/1/2017
d7ca9e8c-0c73-44ca-8ec9-8e03af52b86a,Cam,Ripley,cripleykh@redcross.org,6/27/2006,5/30/2009
8c1f7276-42ae-4624-aa6c-6763144386e4,Stesha,Tripney,stripneyki@cbsnews.com,1/21/2007,5/24/2013
6336340b-478c-4fcc-8f2e-d6efe55ca6ca,Sigfrid,Dyott,sdyottkj@amazon.co.uk,8/25/2016,5/18/2009
173f90ed-eadc-451b-8205-3c77c4ad70cd,Theresita,Kitchiner,tkitchinerkk@unesco.org,7/25/2016,9/4/2021
7768c9d1-8e5b-47cc-8d26-097b99a6d7ae,Russell,Lightwood,rlightwoodkl@accuweather.com,4/9/2014,6/14/2005
2d4cf55b-7535-48e8-a88f-eb8b63ae6078,Edan,Caddie,ecaddiekm@1und1.de,10/15/2008,5/31/2011
0946394f-4db1-4990-ad4f-d46ac8194dab,Erina,Edinborough,eedinboroughkn@cdbaby.com,9/28/2023,12/28/2008
67d7cc2d-3908-4195-8899-a95aaf6167f1,Reilly,Densun,rdensunko@oracle.com,12/13/2003,2/1/2020
c7fbc982-13cf-4677-b8a5-9f5417039e9a,Howey,MacGettigen,hmacgettigenkp@gov.uk,9/4/2002,4/25/2001
8f70df49-3c12-4031-920c-ccde6a758293,Konstanze,Shildrake,kshildrakekq@meetup.com,5/16/2021,6/21/2001
ada23c97-3951-4be6-b890-aa6255dffd80,Mara,Isac,misackr@hud.gov,9/7/2024,1/16/2020
10adbab4-a0db-44b7-b021-a8612b641789,Zelma,Smees,zsmeesks@a8.net,1/11/2020,6/4/2005
d633e93b-c9bb-4782-a07b-9b1fdd424ef0,Tobe,Riddiford,triddifordkt@smh.com.au,7/26/2012,12/9/2018
f2c0364c-738a-4b64-9ea7-95d3b3b0582a,Billy,Levet,blevetku@youtube.com,11/14/2016,2/1/2005
63d56aaa-b49e-47a0-96e9-03cbeced6f4f,Del,Proudler,dproudlerkv@loc.gov,10/26/2007,6/1/2000
930c5e68-d04e-423c-a740-6956530b2176,Paco,Baggelley,pbaggelleykw@webeden.co.uk,8/25/2024,10/7/2007
d08cad58-f3b3-46f1-b7b1-5d2e28aa54e8,Sloane,Ensor,sensorkx@google.nl,3/12/2015,1/2/2018
e97a4814-545c-45cc-9c72-0ace5503279f,Ailbert,Dadson,adadsonky@parallels.com,6/21/2022,2/3/2004
077f1380-b26a-4956-8f80-9f6438b39b76,Burgess,Punch,bpunchkz@geocities.com,7/30/2017,5/2/2000
42160d17-3efc-4d26-805a-fa1a96918bfc,Brigitta,Scargill,bscargilll0@archive.org,4/14/2018,6/16/2025
2660cdde-9893-4a4e-b48a-71f065308443,Joelie,Downey,jdowneyl1@theguardian.com,9/25/2001,11/14/2008
52edea11-52c7-4623-9895-321d7d62c01b,Kiley,Grastye,kgrastyel2@baidu.com,5/10/2012,2/23/2008
74b4674c-ead4-4a63-96b1-c1b7f9113c0f,Gaye,Cino,gcinol3@stanford.edu,11/2/2022,6/18/2008
6bedf609-4242-403f-b971-0c104225e225,Zenia,Clerc,zclercl4@reddit.com,4/11/2020,10/19/2008
71101a77-935e-4ff8-838f-5c1dde687042,Burt,Courteney,bcourteneyl5@geocities.com,1/12/2006,5/24/2019
989a6ee7-91d2-4c4e-a820-6c9f97f4fe1e,Aubert,Rainer,arainerl6@samsung.com,7/23/2010,8/27/2003
bb4254cf-b18a-49fe-bd47-c9ce71bd7e43,Clemence,Crady,ccradyl7@alibaba.com,10/6/2024,10/16/2021
f0b1ff28-16fd-42b7-85cc-4798d5062349,Thomasina,Chipps,tchippsl8@ucsd.edu,9/28/2016,3/14/2002
726a3986-a785-4f80-b974-933a16b925fe,Humfried,Camelli,hcamellil9@reference.com,11/29/2023,12/9/2010
5085dda8-fc92-4eb5-a773-4e244c1c7120,Raffaello,Cescon,rcesconla@yellowbook.com,4/3/2018,7/15/2004
d497c573-3b1e-44fc-862c-f2bcdd4465ca,Teodora,Eykel,teykellb@statcounter.com,8/2/2001,3/19/2009
0cf6dad3-a58d-4364-b1dc-0d7260761df5,Ozzy,Merrisson,omerrissonlc@pinterest.com,8/11/2014,11/11/2021
49aad491-7c01-4d93-99b7-43c9525e20b0,Kelsi,Serris,kserrisld@exblog.jp,5/26/2001,12/29/2005
42d724e1-e268-4df6-aa27-14c844f2f8b0,Garwood,Drinnan,gdrinnanle@smh.com.au,9/28/2021,7/7/2009
3adb1922-3b60-4acd-92c5-2edbf8d41d72,Basile,Bridgeman,bbridgemanlf@gizmodo.com,4/24/2007,1/22/2022
d4337f85-e2ad-443c-98b2-7a16c6433e44,Nomi,Croker,ncrokerlg@tinyurl.com,12/12/2013,8/4/2002
fb47308d-d104-4d26-b47c-5c22a9ff45e8,Bayard,Parcell,bparcelllh@networkadvertising.org,9/8/2011,8/27/2014
0e973545-f001-4b77-99fd-0486c1bff436,Jard,Elsom,jelsomli@yandex.ru,10/30/2022,8/18/2017
6606d38c-d7bb-4d5f-8614-63b768bb0c1a,Jeralee,Dengate,jdengatelj@parallels.com,6/21/2018,10/31/2023
215e401b-4b45-44fc-a0d6-966d422c7b4c,Michail,Northidge,mnorthidgelk@utexas.edu,3/23/2019,2/14/2011
213abbec-5eec-4d41-bc8e-2a3ccbc156aa,Waly,Pummell,wpummellll@sina.com.cn,7/30/2012,4/29/2008
399d7b1b-2208-4799-a69f-434b60582f08,Giorgio,Sturges,gsturgeslm@columbia.edu,12/8/2012,3/6/2019
01e5591d-2b8d-42c9-9e22-dc5e35857aaa,Haleigh,Everly,heverlyln@ning.com,9/27/2019,7/25/2004
98cb5023-5e67-4454-b2ea-d7d63e544346,Stephannie,Hunnable,shunnablelo@mayoclinic.com,9/4/2011,5/3/2003
0c589b85-9047-414f-92ee-2e4e9cf85eb3,Camala,Seston,csestonlp@bing.com,5/31/2015,3/10/2001
89415f06-567f-4a61-b268-b73e50ec65c3,Allister,De Cleen,adecleenlq@w3.org,2/20/2006,1/19/2006
8a6f9b60-70fd-48aa-960a-e9939f294322,Artemus,Keyser,akeyserlr@jugem.jp,4/29/2009,10/5/2019
90e6b071-6f66-42fd-a580-fc0c8c0f2d92,Grata,Todman,gtodmanls@nature.com,1/20/2025,5/24/2012
e24973ed-afba-42cd-94be-cd2661e16920,Analiese,Vogeler,avogelerlt@seesaa.net,2/5/2002,3/15/2020
107bea82-92a2-421a-b383-f470536138aa,Inness,Antecki,ianteckilu@netlog.com,5/6/2007,8/15/2003
50c5c5e9-6d0a-4106-a0d7-d96ec2cc3c55,Juana,Jarratt,jjarrattlv@sina.com.cn,7/10/2005,8/18/2001
363db798-e5bf-48fc-a799-0a245a3ab450,Barrie,Passo,bpassolw@ucoz.ru,2/27/2022,9/16/2009
a3ea7642-c2ac-4c23-a916-2c306f21026d,Hewett,Kildale,hkildalelx@marketwatch.com,3/15/2008,7/30/2005
a1d1448d-802b-43fe-8e7c-4a3f069c35ee,Falkner,Detloff,fdetloffly@ifeng.com,4/6/2014,8/29/2018
501360b4-0c46-4769-93c3-2ea2a5f9d024,Thelma,Rosewell,trosewelllz@smugmug.com,8/15/2017,5/14/2015
fb9c0eac-3b3a-4502-93f8-8b7d6b716292,Joelie,Pye,jpyem0@friendfeed.com,10/27/2022,8/23/2025
435ba1ee-7a0b-4049-9b0d-675421898ce6,Cynthy,Selkirk,cselkirkm1@cnn.com,10/30/2014,12/18/2025
b7255c29-0d5c-4e09-b51a-35b06e8b679a,Vanny,Millins,vmillinsm2@seesaa.net,3/15/2016,11/7/2016
fb76f848-4474-456f-8fa0-9de6c2c68ed7,Raff,Thirwell,rthirwellm3@infoseek.co.jp,6/30/2014,10/18/2024
d8edecc5-5be2-42b4-863a-d1d44bf54200,Giacopo,Pinor,gpinorm4@cdc.gov,8/17/2003,5/21/2001
d5de5e68-424e-40af-87c9-ce57fdeb6f90,Ellynn,Hebner,ehebnerm5@over-blog.com,1/23/2024,11/24/2020
be357423-b3a0-4eb0-a0ce-6c45bf44d1e5,Ricca,Gaskarth,rgaskarthm6@dagondesign.com,6/1/2012,12/20/2002
c152fa35-98bc-4636-a2ab-3b768b5d9d45,Aimee,Reidshaw,areidshawm7@europa.eu,2/5/2012,2/1/2026
3a6e6a4d-f680-45d5-8722-1e416eda8781,Darleen,Kitchen,dkitchenm8@i2i.jp,11/18/2008,1/10/2023
a489922a-e8cf-4b57-b3fb-8be222038a62,Marius,Carlaw,mcarlawm9@google.pl,6/16/2019,1/17/2010
e3a6b0b6-5436-48ec-ad8c-9949d79c2fd9,Wanda,Hattrick,whattrickma@ihg.com,12/24/2023,3/23/2008
8f026d7f-5400-4230-84d0-320842641568,Netty,Matuschek,nmatuschekmb@sphinn.com,7/21/2022,6/5/2019
da170553-0471-49de-b1fa-4ec67a0d43af,Beatrice,Shepherdson,bshepherdsonmc@imdb.com,2/17/2002,2/5/2025
17140f92-9563-4b7e-ae88-991329e1654b,Laetitia,Hindge,lhindgemd@ovh.net,9/2/2005,10/12/2010
e29b75a7-a049-4eb6-bbd2-1ffa07cb47c9,Tom,Elvey,telveyme@wikispaces.com,1/22/2011,11/9/2025
12ac5e6d-609d-4d0d-b7bb-a9009383a5fb,Sela,Burgh,sburghmf@xrea.com,10/29/2006,5/4/2020
cfc29ed4-32f3-4ef7-9c64-68f959abb945,Zane,Skitt,zskittmg@time.com,3/4/2014,12/5/2000
1ad63e59-74f0-4071-8179-f9ce68e1b6f1,Suzi,Keble,skeblemh@dot.gov,4/21/2004,4/11/2002
ac94dc52-df33-47cd-acfd-5ad0f9d20315,Rutledge,Bruckental,rbruckentalmi@delicious.com,3/30/2021,9/23/2011
f4855a05-c35c-4bd2-b585-15880fed6c8c,Malanie,Stuckley,mstuckleymj@tripod.com,11/5/2022,1/6/2020
0273f204-c5e4-43bf-a741-dcd22a3259b1,Elspeth,Midlar,emidlarmk@china.com.cn,12/9/2007,8/31/2008
fd104d53-31e3-49b9-bc51-3bd5a9b47e79,Giorgi,Farleigh,gfarleighml@myspace.com,2/27/2007,6/25/2025
97a9316e-d38f-48fb-9cbc-e9ddfc788cb0,Jonie,Butchers,jbutchersmm@tripadvisor.com,1/20/2023,10/1/2020
16202200-c297-4210-b525-4731718761ad,Marabel,Message,mmessagemn@wikimedia.org,2/15/2025,12/26/2010
f6598a7e-a62f-41de-839d-711a88f9a9d2,Gayle,Sunman,gsunmanmo@dailymotion.com,12/5/2025,10/5/2019
f839c1db-e35a-4fa4-b938-fc2da844937a,Minor,Kesey,mkeseymp@51.la,5/28/2014,12/3/2023
f8a92890-92d2-46e4-9fd3-bee1792d44cc,Mayne,Totterdell,mtotterdellmq@omniture.com,12/2/2001,12/27/2020
52893638-765c-4b93-a8e1-74e06c2fa96b,Robyn,Duer,rduermr@unicef.org,10/22/2023,12/8/2005
73495c31-0efa-4502-8ba6-2c43b53fe560,Ardeen,Hance,ahancems@typepad.com,12/27/2006,8/13/2001
2f094411-064c-41a1-9d09-9f90497d169d,Star,Kennelly,skennellymt@kickstarter.com,6/8/2016,9/4/2013
5a884bfe-ea44-4bfe-902a-f64d36403a30,Elisabetta,Noel,enoelmu@prnewswire.com,12/29/2004,10/30/2017
3ed24c0c-f1de-4624-8411-e0ed78c2862d,Arluene,Curner,acurnermv@npr.org,10/16/2017,6/21/2013
bcfb298e-509e-4bfe-ba32-871dff195255,Larina,Stonard,lstonardmw@usa.gov,9/15/2019,3/12/2006
596e37c8-c0b5-469d-8a6d-eab992ec94a1,Harald,Belfrage,hbelfragemx@artisteer.com,12/28/2019,4/17/2000
3877981b-f3f1-4a79-88bc-5f7a87b380de,Anne-corinne,Alfuso,aalfusomy@icio.us,4/1/2002,12/13/2019
f4fbd541-eeb3-4637-bd0c-3e519b3a2600,Herminia,Thompson,hthompsonmz@indiegogo.com,7/18/2010,12/22/2004
42747cf7-2423-4328-baef-da6b5ee14a18,Erwin,Dorin,edorinn0@squidoo.com,5/17/2023,10/8/2024
054e1cba-6c97-4ffe-8aa2-332adc379512,Tova,Allbut,tallbutn1@squidoo.com,8/4/2018,9/14/2005
5961fc11-af2d-4a4c-8473-c82493f876c1,Alley,Spaducci,aspaduccin2@salon.com,12/17/2003,11/9/2020
982772f4-1d82-42b6-b846-f7652ac136eb,Gerty,McKelvey,gmckelveyn3@wisc.edu,12/7/2020,12/11/2022
5d9c2a5c-8f83-48ec-80b8-d9d8dfab2d65,Korie,Posner,kposnern4@alibaba.com,5/21/2009,12/2/2016
28f82f0e-dd07-46ff-9ed2-c32ddf0c7f88,Aidan,Mingauld,amingauldn5@over-blog.com,3/16/2013,7/16/2013
de6d82ce-de66-431a-8e1e-765a592f4267,Jemimah,Boyse,jboysen6@foxnews.com,10/20/2022,9/8/2009
7125f095-9951-4ba3-aca0-3e1a701ca55b,Abey,Broadstock,abroadstockn7@plala.or.jp,10/6/2010,9/11/2016
cceaa9b2-906e-467a-9f3d-ad89e392ae19,Gerhardt,Gonsalvez,ggonsalvezn8@4shared.com,5/16/2003,12/3/2022
ad5f4320-4ae2-4f23-b126-37c46d4b8ca2,Claresta,Shirtcliffe,cshirtcliffen9@dailymail.co.uk,7/25/2018,3/19/2018
544d7081-6d50-4b19-ac33-8f9cb201c531,Alverta,Scibsey,ascibseyna@simplemachines.org,12/16/2010,2/13/2015
93b648bb-5092-4fe8-b661-2d594afbbd1f,Arlin,Doni,adoninb@artisteer.com,12/30/2022,3/24/2009
ba54c586-ad61-4cb1-b8f0-57c61d237d74,Halli,Gemnett,hgemnettnc@smugmug.com,4/14/2015,2/19/2014
dfb00f02-0fdf-4bee-98b4-bbf9d1ae0665,Shannon,Vaadeland,svaadelandnd@rediff.com,2/14/2020,9/26/2015
00997a81-567b-471d-917c-76cc32ae2be2,Rafaelia,Eagles,reaglesne@arizona.edu,7/8/2011,7/12/2006
61dc19a6-e0b9-44a7-ad80-ab5a99515ca6,Stern,O'Lagene,solagenenf@yale.edu,10/23/2013,6/21/2015
86e36e91-b9cc-48b9-8a4b-8368ff307174,Kris,Emsley,kemsleyng@spiegel.de,6/15/2023,10/27/2004
71944486-769a-4565-a23a-082d82183485,Donnie,Marco,dmarconh@harvard.edu,6/27/2013,4/4/2017
41b3e89a-d48e-4891-a8ae-1067c269dc64,Gerick,Hedworth,ghedworthni@seattletimes.com,10/7/2008,6/25/2020
5f3e0951-340e-4505-8998-852c4cad1ba2,Giavani,Josey,gjoseynj@latimes.com,12/27/2007,9/26/2010
e84a63c3-7aa5-4e12-bbb8-836d22da7412,Fabio,Hares,fharesnk@sogou.com,11/30/2013,1/25/2013
94691b61-5e81-464f-9198-1ea81084239b,Nathanil,Brabyn,nbrabynnl@usnews.com,9/5/2021,3/15/2016
10943f7c-4553-4d4f-a75a-fb9055ae0eb0,Theodore,Dottrell,tdottrellnm@dot.gov,4/30/2017,6/11/2013
08faac62-ea88-4127-9fe8-9e0f68b04228,Jordana,Burgwyn,jburgwynnn@aol.com,11/6/2025,8/23/2010
48069790-d8ac-4238-80dd-f4334f0d7309,Arthur,Liggins,aligginsno@ca.gov,7/6/2002,7/30/2022
1c396c20-5708-4de9-98bf-2df5d1b22197,Roana,Shelper,rshelpernp@histats.com,2/26/2010,7/17/2005
8287bcbe-c27c-4c36-9e86-322a7f215591,Omero,Duffell,oduffellnq@wired.com,6/21/2012,8/2/2007
0fad8a4b-df1d-4bb5-8349-0052bd7ff8f5,Hertha,Rosenfelder,hrosenfeldernr@g.co,2/22/2011,2/11/2022
fd144598-e957-4656-b7d1-0f1a6fff0a6a,Skippy,Hearst,shearstns@ibm.com,10/9/2002,2/3/2018
f11c564a-7f20-47fd-ae69-9349f2d08d54,Candie,Rown,crownnt@barnesandnoble.com,9/30/2000,7/30/2007
d5a7928b-936a-4a21-bf81-9588f5c96825,Freeman,Hatzar,fhatzarnu@com.com,3/1/2020,1/5/2010
479974b2-a274-4599-a921-77a86c755c8a,Alley,Brittoner,abrittonernv@dion.ne.jp,11/18/2011,7/4/2023
b3f950fc-2a3a-411b-ad51-1d2687f9bfb1,Lane,Sturt,lsturtnw@csmonitor.com,7/18/2000,10/30/2013
f77196cd-3156-4d2f-81fe-088669f747fa,Borden,Tremonte,btremontenx@delicious.com,7/1/2013,11/4/2002
10089085-9450-4550-babf-333d33a74755,Gabrielle,Parnham,gparnhamny@state.gov,3/2/2001,1/26/2020
751c978a-03ae-40b8-aea5-4c6bc2ce795b,Marni,Hammatt,mhammattnz@bloomberg.com,6/16/2010,10/30/2018
7d3aec0a-e48b-4ab3-bbfd-84453380acb6,Joice,Twydell,jtwydello0@weather.com,10/30/2017,12/24/2010
8cb0b8b1-8274-49ea-874c-6211ee88cae4,Jo-anne,Pasmore,jpasmoreo1@edublogs.org,2/24/2024,11/12/2016
fa232fc9-3add-49c4-942a-d49068e62596,Sal,Farrey,sfarreyo2@prlog.org,11/24/2015,1/24/2013
d3dc4431-8356-4bcd-80dc-83f46d33cf92,Sol,Corder,scordero3@ehow.com,9/26/2020,7/29/2015
ec1fc56a-190e-4be3-acd7-79442ba89392,Renell,Dalliwater,rdalliwatero4@geocities.com,9/21/2019,10/12/2000
c8f0887d-61de-4594-86c5-ab0052dd899d,Adeline,Cuchey,acucheyo5@ibm.com,10/29/2024,7/13/2000
3b0b91a2-c54d-4db0-86cd-79c3b8506701,Jerry,Wimms,jwimmso6@goodreads.com,12/26/2010,5/27/2024
d6862c55-5786-417f-9939-5e99fb574417,Franny,Cockren,fcockreno7@dion.ne.jp,2/20/2023,7/5/2005
86652e9c-d2cb-4e19-9628-17100ad584ac,Jarid,Crepel,jcrepelo8@phpbb.com,9/18/2016,4/4/2012
45f37804-4dbe-4721-aff3-e5e5dd942033,Heloise,Robroe,hrobroeo9@cbsnews.com,10/31/2023,11/5/2008
227b09b8-eafb-4db5-a251-727a61e4fe7e,Gae,Worcester,gworcesteroa@ftc.gov,1/31/2008,9/23/2001
a4d7b8c1-2b90-4417-a923-7dda800b25b7,Cesaro,Clinning,cclinningob@cafepress.com,7/24/2025,12/25/2008
5a099c27-115a-4c94-8db1-d5e7f815038d,Efrem,Benner,ebenneroc@jiathis.com,11/19/2017,3/9/2025
3e664607-272b-4b20-a884-0ccaa5e09482,Hildegaard,Pitway,hpitwayod@merriam-webster.com,3/20/2020,4/23/2009
4400d544-693f-40f3-ba04-9eb0f609ff7d,Adler,Le Fevre,alefevreoe@cnet.com,6/4/2007,5/22/2003
289b3aef-6fd2-4eae-94d3-26fba9e506d0,Augusto,Godfray,agodfrayof@weebly.com,3/28/2004,10/12/2008
9f7e3b2b-4944-4997-abcc-062a4707c81c,Malena,Wimlet,mwimletog@squidoo.com,2/12/2005,11/27/2024
8df057a0-8253-4888-ae73-0ebb2d0682aa,Ronna,Artus,rartusoh@answers.com,7/11/2013,3/26/2009
c9b6a118-d127-4f62-ae2f-5b186f535c61,Mozelle,Doick,mdoickoi@house.gov,1/1/2006,5/3/2003
43e6505b-cd19-44c8-a5db-dc5750f1c1ae,Wilow,Van Hove,wvanhoveoj@google.ru,11/20/2019,7/15/2005
221ca084-a96f-4095-a11c-ca539d1f4015,Dalia,Couroy,dcouroyok@infoseek.co.jp,8/15/2004,7/3/2002
9c5cf938-cae7-4643-860d-5fa94c995097,Blondy,MacDavitt,bmacdavittol@ucsd.edu,7/8/2009,6/25/2020
1dd64675-7f8d-4eb3-b217-c98df95135e9,Buffy,Ciccetti,bciccettiom@europa.eu,5/4/2006,3/31/2007
9784bd5a-ac20-4c94-9cff-07d7255dc8e9,Nicholle,Burcombe,nburcombeon@dell.com,1/28/2001,11/26/2021
8d6dbefa-3b83-4372-82da-ffaea4f562a9,Rockey,Beastall,rbeastalloo@cnn.com,8/9/2012,3/2/2009
b5a8d391-58ac-4f91-ab49-9896232abaff,Harmony,Zute,hzuteop@amazon.com,5/14/2024,5/13/2000
4fb4de45-edcd-47b2-8057-9a346e614bc4,Barny,MacCart,bmaccartoq@telegraph.co.uk,6/6/2019,10/1/2025
1119b0a5-c011-45c0-8373-2b8662880670,Rikki,De Cruze,rdecruzeor@blog.com,11/27/2014,5/30/2021
13d8b3ac-cdb8-47f4-a103-918301f9b0a6,Michale,Olivetta,molivettaos@bbb.org,5/19/2018,6/3/2025
59f758df-2ff5-41a1-994e-62faacf13e8e,Taber,Carriage,tcarriageot@drupal.org,4/26/2011,8/5/2015
c2723450-1767-448b-bd9f-272cce848c6d,Toma,Obert,tobertou@who.int,5/25/2010,8/7/2024
c93d4959-703d-4792-809b-4362dbd7fd1f,Patten,Westmore,pwestmoreov@blogger.com,10/20/2016,12/4/2014
304ee562-f175-49df-aab4-ea64d8b76c3b,Veronica,Roller,vrollerow@angelfire.com,1/21/2015,7/30/2018
f0e1ea96-e7fe-48f3-9619-9f2e7cbf3d38,Janette,Kemet,jkemetox@answers.com,9/12/2013,8/23/2021
e63c6d06-1cd7-41df-93ec-8b9a5f22fa7f,Melany,Haygreen,mhaygreenoy@devhub.com,8/18/2007,10/18/2023
10321391-776d-4252-80c6-010d656b2b0f,Elspeth,Rallinshaw,erallinshawoz@booking.com,1/17/2008,2/10/2005
a07b6806-1109-49c2-9380-2760df954a55,Novelia,Spivie,nspiviep0@nationalgeographic.com,9/20/2017,4/13/2008
c0c040e7-90b6-4912-aa9a-22b231e018dd,Margarethe,Trowell,mtrowellp1@howstuffworks.com,3/3/2015,11/27/2022
12ec6912-a2e5-43ff-95ac-35211a254a81,Constanta,Ruby,crubyp2@nytimes.com,8/10/2005,9/15/2010
bf91c58a-145a-48c7-89ae-536f1d4b4299,Blanca,Coats,bcoatsp3@tmall.com,1/31/2004,8/3/2012
b3d8dee4-38d7-4a1b-8436-d80dbd2840eb,Karissa,Parmiter,kparmiterp4@deliciousdays.com,12/30/2011,12/21/2001
86541b52-ec30-4e8f-9e3d-e908cae9c9d8,Atlanta,Goulstone,agoulstonep5@meetup.com,5/26/2001,6/16/2004
24abe237-79cd-41bf-a435-963d1db73dd7,Marchelle,Musgrove,mmusgrovep6@imgur.com,2/8/2002,11/4/2009
cc92ccd7-b2c2-4496-be81-0ad1c061feaf,Lauren,Burburough,lburburoughp7@sohu.com,6/7/2019,11/29/2008
f6eb7a40-d298-4d22-9220-e9a4eda16093,Lurline,Rapier,lrapierp8@cmu.edu,12/1/2020,8/7/2008
5cd81e02-62cc-4d22-b489-9165bda14161,Mommy,Pilpovic,mpilpovicp9@wired.com,12/3/2018,10/30/2006
27d1e1c0-94df-4729-9e8b-723be3e70392,Theo,Gabbot,tgabbotpa@shutterfly.com,9/10/2020,7/2/2025
e0e254d9-4603-447b-af6a-589e38c9e963,Arluene,Le Merchant,alemerchantpb@nytimes.com,7/13/2004,6/17/2009
07964d54-e2ac-462b-841e-e33ccae77ac2,Teddie,Schimmang,tschimmangpc@hibu.com,9/20/2018,3/30/2014
03b121fe-1290-47d0-9ec8-dd4293e332b4,Boyce,Zelland,bzellandpd@domainmarket.com,9/19/2011,7/31/2014
f157dc59-fedb-45fb-95fa-df58afc7704e,Nanny,Cutler,ncutlerpe@nih.gov,6/14/2019,8/5/2025
29261014-14a4-4f82-b10b-cd68842a3796,Quintin,Robez,qrobezpf@sourceforge.net,9/19/2009,8/22/2003
e02e0613-83b6-4008-8f28-0faae97b9c7f,Rollin,O'Duggan,rodugganpg@eventbrite.com,3/12/2022,4/1/2021
1bf106eb-53cd-4287-b15d-01da1f5549e8,Kora,Guy,kguyph@bloomberg.com,7/20/2000,2/1/2020
cba72f9f-9b30-4dd3-996c-cd2eb83e1164,Siusan,Peare,spearepi@wordpress.org,10/17/2007,2/3/2022
ecd7e9c6-98f0-4fcc-92dd-46401694e52d,Zacherie,Plom,zplompj@answers.com,6/11/2000,3/27/2026
d3b46fc1-5548-4370-83b7-eef66b2d9a35,Fanchon,Cockarill,fcockarillpk@theglobeandmail.com,9/2/2019,8/7/2018
52e4d1cc-7365-4cf2-87d1-c6672319f068,Bertie,Venton,bventonpl@cyberchimps.com,7/4/2018,8/23/2023
dbd94192-0d47-40be-a68c-29ffdc6a26a2,Blanca,Midgely,bmidgelypm@wsj.com,4/18/2022,7/3/2009
c2907493-fd59-49c1-aaa1-08554fe199d3,Cherida,Vile,cvilepn@businessweek.com,6/29/2019,12/3/2006
9c45abfb-97ba-40d1-bab3-f311432f2897,Roderic,Joslin,rjoslinpo@sohu.com,2/5/2011,8/1/2005
e4f9177c-65b6-41a3-a33a-7462115748d4,Latashia,Wibberley,lwibberleypp@zdnet.com,3/10/2022,12/16/2011
230cc16a-2eb8-4c7d-8a00-066bcfb11392,Ermentrude,Kelledy,ekelledypq@ezinearticles.com,9/28/2007,11/25/2021
bf95ee95-c83d-4599-a05d-be6bf531299b,Riane,Crolly,rcrollypr@about.com,3/2/2006,4/10/2005
374e364e-89fb-416c-8a61-9bdf299d0fd0,Pablo,Dunstall,pdunstallps@amazon.de,8/4/2020,7/20/2013
facdb2e5-94d4-49e6-87b9-d338d3940e43,Flossy,Ruddell,fruddellpt@slate.com,10/29/2016,9/15/2010
48e8631b-3fa0-416d-addd-e150f5d5f7ea,Lorens,Vockings,lvockingspu@state.gov,3/17/2020,12/14/2020
50a670ce-9d76-456a-b709-06016d07c14d,Everett,Casper,ecasperpv@buzzfeed.com,11/6/2020,1/1/2026
f217fe55-374f-4a53-9c3f-24f7612510e8,Babara,Malia,bmaliapw@bluehost.com,11/30/2003,8/9/2003
6e152745-782c-476a-bf02-7a4656962822,Bamby,Creavan,bcreavanpx@ibm.com,5/16/2000,1/19/2003
a8a5c916-331d-45a3-bf93-1d84a6c07532,Dennie,Dubois,dduboispy@harvard.edu,10/10/2023,7/24/2016
b00ba2ae-b582-4493-a531-0419e09e5874,Lek,Corton,lcortonpz@dagondesign.com,8/30/2015,5/27/2015
664cc37f-0918-4765-bd72-2a567ba872d0,Garwin,Foxen,gfoxenq0@netlog.com,6/29/2001,9/7/2017
c5dc6b45-816c-4841-a0bd-ab2d7973915a,Marylou,Selwyne,mselwyneq1@ox.ac.uk,12/2/2015,3/27/2013
a2be19e8-9b79-4d77-9fa0-bce6401cf31f,Isahella,Ahmad,iahmadq2@blogs.com,5/22/2013,12/3/2011
f4633fd5-e798-4377-bf88-bd48a38eaaf8,Silvan,Fevier,sfevierq3@dedecms.com,10/14/2019,1/14/2007
8faf5770-0440-47c7-ad67-68888ddd89d5,Hanna,McGannon,hmcgannonq4@umn.edu,5/26/2025,12/18/2025
a7b1fa6d-7cce-4f7e-b574-bd6f8e8ecbe6,Artie,Northedge,anorthedgeq5@accuweather.com,5/27/2016,12/13/2002
509003d5-a06d-446d-9eb1-acda1bb46844,Berkley,Narrie,bnarrieq6@sitemeter.com,8/7/2014,10/15/2014
cda5fdac-5df3-463a-856d-080ffa504f18,Vilhelmina,Woakes,vwoakesq7@sfgate.com,6/1/2024,5/30/2019
47d6710e-fe2d-498f-bdaa-c91def94ab50,Ronda,Gooch,rgoochq8@newsvine.com,6/26/2015,12/26/2024
d2b0e0ba-95ff-43ad-ab94-e97e571f2ebf,Yasmeen,Haycock,yhaycockq9@virginia.edu,4/1/2023,9/20/2022
630e7dc6-2675-4abd-8670-108e2d3b3072,Minette,Seater,mseaterqa@de.vu,11/10/2005,9/7/2012
413aa871-24e8-4498-ab6c-7e4d9994490e,Ardella,Ciobotaro,aciobotaroqb@webs.com,10/14/2007,5/19/2014
9f43df9f-7157-4efb-8129-6896102ebef7,Tiertza,Sherington,tsheringtonqc@goodreads.com,11/18/2018,6/28/2006
874993cf-1061-4cb5-8721-8c50e60c2873,Robbert,Foale,rfoaleqd@istockphoto.com,11/27/2025,1/12/2021
04769620-c925-4606-8926-051d51c72c3a,Rikki,Mangenot,rmangenotqe@drupal.org,5/24/2023,3/31/2022
bb5940d1-28b9-4c38-a681-8b8aa4e80b7d,Carolee,Jandel,cjandelqf@home.pl,11/5/2021,3/13/2011
4356d999-7778-4ccd-861b-cca4af1ca990,Patricia,Evesque,pevesqueqg@gmpg.org,4/12/2017,9/29/2008
8e4312af-f3d6-4079-82af-2becc34a6258,Peg,Coenraets,pcoenraetsqh@theatlantic.com,8/5/2018,6/7/2015
0973ad68-77a4-45ff-90c8-3603058ba810,Kimberly,Duigenan,kduigenanqi@comsenz.com,1/10/2023,3/16/2011
74790215-4fa0-49c2-86db-31c782cea869,Garry,Haston,ghastonqj@exblog.jp,6/16/2025,8/15/2002
656539cc-3251-4f10-a084-8436afb2d25b,Tallia,Jayne,tjayneqk@vimeo.com,10/27/2010,12/2/2012
db12000a-ce3e-4dde-9df1-3204573ec42e,Herve,Stanlake,hstanlakeql@patch.com,7/20/2004,1/18/2010
986824c9-5fad-479b-9121-a081d1a93a07,Blakeley,Cardnell,bcardnellqm@goodreads.com,3/21/2007,9/3/2013
dc1e629b-ae0d-43a1-84bd-37097f1c6e69,Mona,Conrart,mconrartqn@taobao.com,2/20/2004,5/7/2019
0d4a32cd-59a4-42df-bc93-902838cf723f,Suzann,Auden,saudenqo@github.io,3/18/2009,2/25/2005
d8d0895b-efa2-4b10-bacb-d95f48243d19,Kelsey,Hanway,khanwayqp@youtube.com,5/12/2013,9/5/2024
ad9e38a9-079b-47ba-abad-4ed51ba1dc34,Wald,Branford,wbranfordqq@ocn.ne.jp,11/28/2025,12/12/2016
f5229bdd-315d-4bdd-80d6-227d02ba9777,Diarmid,Ryan,dryanqr@xinhuanet.com,4/16/2006,8/24/2023
6ad3dbad-19ed-4deb-b94e-81d94d8f271f,Lisabeth,Firth,lfirthqs@google.com.au,7/23/2001,12/7/2007
6e586b9b-d49e-43de-8dea-0872021b1292,Haroun,Tindall,htindallqt@mapquest.com,7/30/2015,2/19/2004
f302c46a-d8e9-4bfa-a6c7-6ad5c66f9498,Grange,Cleaton,gcleatonqu@etsy.com,4/4/2021,10/3/2000
1fbfc69c-2113-4578-9b09-ed8f3f9e62a8,Filberto,Lebang,flebangqv@hhs.gov,2/4/2019,2/7/2013
20382e9f-e205-4883-9ac6-286a93a1a4bc,Freda,Druce,fdruceqw@phpbb.com,8/15/2010,5/19/2021
374a2b4d-0bb9-40f8-871a-f08617288c3e,Aldin,Spering,asperingqx@who.int,11/27/2000,11/13/2004
eee631f7-da15-4d5b-b1a9-cc01fbf40d7b,Dacia,Hengoed,dhengoedqy@npr.org,7/14/2004,2/14/2010
ce87a3af-e1bb-4004-8d12-2c2cc1797d51,Field,Hecks,fhecksqz@wunderground.com,2/16/2016,2/7/2010
1c02f5a7-0391-4332-aaef-84569f6e953d,Halie,Baverstock,hbaverstockr0@yelp.com,3/5/2011,10/3/2024
76b28799-c111-4a8e-b394-e696ec29b11f,Astrid,Spary,asparyr1@wordpress.com,10/4/2018,3/17/2010
08fb3805-4b99-4af4-b63b-adb8615fb0b1,Bren,Rospars,brosparsr2@icio.us,10/29/2022,3/14/2009
649ccf99-0e4b-4d7b-8dfe-c265a32d406e,Portie,Bennough,pbennoughr3@furl.net,8/29/2021,1/5/2013
92b80121-bf4d-4fc2-9ad2-6e7cde3a4fda,Salvidor,McCerery,smccereryr4@forbes.com,5/25/2023,5/6/2005
22cf69bb-8396-430f-aa63-cdd11c8ed434,Clarine,Bowld,cbowldr5@freewebs.com,2/25/2022,4/7/2020
9bcd3c4b-83e8-40a6-bf85-0acd02fdc94b,Adelaide,Pepon,apeponr6@storify.com,6/16/2008,8/3/2014
73d2f03a-eabf-484c-b299-55fbd94ec576,Channa,Skerm,cskermr7@tripadvisor.com,5/5/2024,12/12/2020
72ee3ac4-d109-41ec-af56-34dc96573c24,Laural,McAuliffe,lmcauliffer8@utexas.edu,10/5/2014,12/2/2007
08362526-8d4c-46d0-acae-17ec0edb8711,Lionel,Stronack,lstronackr9@chicagotribune.com,9/27/2004,10/3/2002
f4e1534e-81cb-4dc3-9809-0ed8002b8c3d,Gordy,Ree,greera@bloglovin.com,4/26/2020,6/8/2021
8192602b-b5e4-42c6-a543-acf40b303e17,Pepe,Barreau,pbarreaurb@mediafire.com,8/10/2019,2/18/2026
80a9afc1-3a26-4588-97dd-288b422b7c03,Shalom,Letcher,sletcherrc@java.com,9/15/2000,4/16/2020
10e29bba-ab1d-4121-be41-fe66fd659c35,Klaus,Lorent,klorentrd@sina.com.cn,6/12/2007,8/19/2019
05dc297d-11df-49a1-9d24-55ff3bf02b47,Otho,Varvara,ovarvarare@intel.com,3/1/2003,4/15/2005
be1e57ce-08b1-4253-95d7-971723dd6f5f,Melony,Labern,mlabernrf@hibu.com,1/9/2002,6/4/2003
86af6cfb-efd9-4be8-9477-37f6b74afe0d,Cleavland,Stryde,cstryderg@myspace.com,7/7/2023,7/31/2008
a98c4695-ff1a-48b6-9499-178214c1b872,Powell,Juster,pjusterrh@topsy.com,10/18/2025,5/3/2002
2ba64377-8ee2-4b43-bc5a-47f45e7ab542,Hunter,Risson,hrissonri@cdbaby.com,6/3/2017,8/20/2017
a298444a-6142-4d32-a7f9-04068ca38855,Sylvan,Dreinan,sdreinanrj@wiley.com,5/18/2016,6/5/2017
784db0d3-3a71-40ed-a11d-279e068cba21,Beatriz,Unitt,bunittrk@ox.ac.uk,7/10/2014,4/9/2014
c7ca5e85-00d6-46b1-9505-260463b3ab0a,Lurette,Elsmore,lelsmorerl@slideshare.net,10/16/2004,5/29/2001
b1bb6750-88f0-4b98-a1b6-5de6817048e7,Cristi,Martinello,cmartinellorm@unicef.org,5/15/2024,2/23/2019
e5ccb317-63cc-4e85-a65f-23ba6be68d8d,Libbi,O'Halloran,lohalloranrn@digg.com,7/5/2007,10/21/2005
89adf6f1-5fb7-404a-96b7-ceb0e1ade731,Madelle,Sommerlie,msommerliero@netscape.com,7/30/2002,10/30/2006
9e032006-1ffc-46ab-9940-44915c95da20,Harbert,Swabey,hswabeyrp@dmoz.org,7/2/2017,9/29/2009
22d9405f-adeb-4106-960c-7b809d309025,Gabriele,Southerell,gsoutherellrq@ucoz.com,11/21/2012,4/12/2016
84d94c2d-f35f-4664-ba37-3f379b4dc7f9,Kathryn,Arckoll,karckollrr@booking.com,3/23/2001,4/22/2011
